제목,장르,줄거리있음
인터스텔라,"모험, 드라마, SF",X
인셉션,"액션, SF, 모험",O
어벤져스,"SF, 액션, 모험",X
다크 나이트,"액션, 범죄, 스릴러",O
아바타,"SF, 액션, 모험",X
데드풀,"액션, 모험, 코미디",X
파이트 클럽,"드라마, 스릴러",O
어벤져스: 인피니티 워,"모험, 액션, SF",O
쇼생크 탈출,"드라마, 범죄",O
펄프 픽션,"스릴러, 범죄, 코미디",O
포레스트 검프,"코미디, 드라마, 로맨스",O
가디언즈 오브 갤럭시,"액션, SF, 모험",X
해리 포터와 마법사의 돌,"모험, 판타지",O
아이언맨,"액션, SF, 모험",X
장고: 분노의 추적자,"드라마, 서부",O
매트릭스,"액션, SF",O
어벤져스: 엔드게임,"모험, SF, 액션",O
조커,"범죄, 스릴러, 드라마",X
반지의 제왕: 반지 원정대,"모험, 판타지, 액션",O
타이타닉,"드라마, 로맨스",X
반지의 제왕: 왕의 귀환,"모험, 판타지, 액션",X
더 울프 오브 월 스트리트,"범죄, 드라마, 코미디",X
셔터 아일랜드,"드라마, 스릴러, 미스터리",O
어벤져스: 에이지 오브 울트론,"액션, 모험, SF",O
다크 나이트 라이즈,"액션, 범죄, 드라마, 스릴러",O
바스터즈: 거친 녀석들,"드라마, 스릴러, 전쟁",O
매드맥스: 분노의 도로,"액션, 모험, SF",O
캡틴 아메리카: 시빌 워,"모험, 액션, SF",O
반지의 제왕: 두 개의 탑,"모험, 판타지, 액션",O
해리 포터와 비밀의 방,"모험, 판타지",O
블랙 팬서,"액션, 모험, SF",X
인사이드 아웃,"애니메이션, 가족, 모험, 드라마, 코미디",O
닥터 스트레인지,"판타지, 모험, 액션",X
아이언맨 3,"액션, 모험, SF",X
헝거게임: 판엠의 불꽃,"SF, 모험, 액션, 스릴러",X
스파이더맨: 홈커밍,"액션, 모험, SF",O
해리 포터와 아즈카반의 죄수,"모험, 판타지",O
세븐,"범죄, 미스터리, 스릴러",O
대부,"드라마, 범죄",O
가디언즈 오브 갤럭시 Vol. 2,"SF, 모험, 액션",O
퍼스트 어벤져,"액션, 모험, SF",O
배트맨 비긴즈,"드라마, 범죄, 액션",O
아이언맨 2,"모험, 액션, SF",O
스타워즈 에피소드 4: 새로운 희망,"모험, 액션, SF",X
토르: 천둥의 신,"모험, 판타지, 액션",X
캐리비안의 해적: 블랙펄의 저주,"모험, 판타지, 액션",X
해리 포터와 불의 잔,"모험, 판타지",O
수어사이드 스쿼드,"액션, 모험, 판타지",X
스파이더맨: 노 웨이 홈,"액션, 모험, SF",O
토르: 라그나로크,"액션, SF, 코미디",O
해리 포터와 죽음의 성물 2,"모험, 판타지",O
빽 투 더 퓨쳐,"모험, 코미디, SF",O
업,"애니메이션, 코미디, 가족, 모험",X
쥬라기 월드,"모험, SF, 스릴러",O
마션,"SF, 드라마, 모험",X
코코,"가족, 애니메이션, 음악, 모험",X
글래디에이터,"액션, 드라마, 모험",X
원더 우먼,"액션, 모험, 판타지",X
존 윅,"액션, 스릴러",X
앤트맨,"SF, 모험, 액션",X
해리 포터와 불사조 기사단,"모험, 판타지",O
해리 포터와 혼혈왕자,"모험, 판타지",O
기생충,"코미디, 스릴러, 드라마",X
스파이더맨,"액션, SF",X
니모를 찾아서,"애니메이션, 가족, 모험",O
스타워즈 에피소드 7: 깨어난 포스,"모험, 액션, SF",O
로건,"액션, 드라마, SF",X
해리 포터와 죽음의 성물 1,"모험, 판타지",O
월•E,"애니메이션, 가족, SF",O
그것,"공포, 스릴러, 드라마",X
트루먼 쇼,"코미디, 드라마",X
토이 스토리,"가족, 코미디, 애니메이션, 모험",O
캡틴 아메리카: 윈터 솔져,"액션, 모험, SF",O
나를 찾아줘,"미스터리, 스릴러, 드라마",X
몬스터 주식회사,"애니메이션, 코미디, 가족, 판타지",O
라이온 킹,"애니메이션, 가족, 드라마",O
신비한 동물사전,"판타지, 모험",X
호빗: 뜻밖의 여정,"모험, 판타지, 액션",O
컨택트,"드라마, SF, 미스터리",X
레버넌트: 죽음에서 돌아온 자,"서부, 드라마, 모험",X
그린 마일,"판타지, 드라마, 범죄",X
데드풀 2,"액션, 코미디, 모험",X
배트맨 대 슈퍼맨: 저스티스의 시작,"액션, 모험, 판타지",X
킬 빌: 1부,"액션, 범죄",O
샤이닝,"공포, 스릴러",X
인크레더블,"액션, 모험, 애니메이션, 가족",O
겟 아웃,"미스터리, 스릴러, 공포",O
슈렉,"애니메이션, 코미디, 판타지, 모험, 가족",O
어메이징 스파이더맨,"액션, 모험, SF",X
라따뚜이,"애니메이션, 코미디, 가족, 판타지",X
언터처블: 1%의 우정,"드라마, 코미디",O
스타워즈 에피소드 5: 제국의 역습,"모험, 액션, SF",O
헝거게임: 캣칭 파이어,"모험, 액션, SF",O
센과 치히로의 행방불명,"애니메이션, 가족, 판타지",X
토르: 다크 월드,"액션, 모험, 판타지",X
23 아이덴티티,"공포, 스릴러",X
주토피아,"애니메이션, 모험, 가족, 코미디",O
라라랜드,"코미디, 드라마, 로맨스",O
메이즈 러너,"액션, 미스터리, SF, 스릴러",O
행오버,코미디,O
이미테이션 게임,"역사, 드라마, 스릴러, 전쟁",O
양들의 침묵,"범죄, 스릴러, 드라마",X
쥬라기 공원,"모험, SF",O
킹스맨: 시크릿 에이전트,"범죄, 코미디, 액션, 모험",O
보헤미안 랩소디,"음악, 드라마",X
프레스티지,"드라마, 미스터리, SF",O
덩케르크,"전쟁, 액션, 드라마",X
겨울왕국,"애니메이션, 가족, 모험, 판타지",X
쉰들러 리스트,"드라마, 역사, 전쟁",O
라이언 일병 구하기,"전쟁, 드라마, 역사",O
스파이더맨: 뉴 유니버스,"애니메이션, 액션, 모험, SF",O
베놈,"SF, 액션",X
캐리비안의 해적: 망자의 함,"모험, 판타지, 액션",O
캐치 미 이프 유 캔,"드라마, 범죄",O
루시,"액션, SF",X
스파이더맨: 파 프롬 홈,"액션, 모험, SF",O
레디 플레이어 원,"모험, 액션, SF",O
스타워즈 에피소드 6: 제다이의 귀환,"모험, 액션, SF",O
나는 전설이다,"드라마, SF, 스릴러",X
베이비 드라이버,"액션, 범죄",X
나우 유 씨 미: 마술사기단,"스릴러, 범죄",X
캡틴 마블,"액션, 모험, SF",X
헝거게임: 모킹제이,"SF, 모험, 스릴러",O
위플래쉬,"드라마, 음악, 스릴러",X
월드워 Z,"액션, 공포, SF",O
빅 히어로,"모험, 가족, 애니메이션, 액션, 코미디",X
로그 원: 스타워즈 스토리,"액션, 모험, SF",O
에이리언,"공포, SF",X
스파이더맨 2,"액션, 모험, SF",O
이터널 선샤인,"SF, 드라마, 로맨스",O
스타워즈 에피소드 8: 라스트 제다이,"모험, 액션, SF",X
그래비티,"SF, 스릴러, 드라마",X
메멘토,"미스터리, 스릴러",X
엑스맨: 데이즈 오브 퓨처 패스트,"액션, 모험, SF",O
맨 오브 스틸,"액션, 모험, SF",X
디파티드,"드라마, 스릴러, 범죄",O
레옹,"범죄, 드라마, 액션",O
그랜드 부다페스트 호텔,"코미디, 드라마",O
찰리와 초콜릿 공장,"모험, 코미디, 가족, 판타지",O
007 스카이폴,"액션, 모험, 스릴러",O
슈퍼배드,"애니메이션, 코미디, 범죄, SF, 가족",X
미녀와 야수,"가족, 판타지, 로맨스",O
스타워즈 에피소드 1: 보이지 않는 위험,"모험, 액션, SF",X
토이 스토리 3,"애니메이션, 가족, 코미디",X
브이 포 벤데타,"액션, 스릴러, SF",O
블랙 스완,"드라마, 스릴러, 공포",X
캐리비안의 해적: 세상의 끝에서,"모험, 판타지, 액션",O
저수지의 개들,"범죄, 스릴러",O
호빗: 다섯 군대 전투,"액션, 모험, 판타지",O
콰이어트 플레이스,"공포, 드라마, SF",O
그녀,"로맨스, SF, 드라마",X
헤이트풀8,"드라마, 미스터리, 서부",O
스파이더맨 3,"액션, 모험, SF",O
블레이드 러너 2049,"SF, 드라마",O
카,"애니메이션, 모험, 코미디, 가족",X
엣지 오브 투모로우,"액션, SF",X
킬 빌: 2부,"액션, 범죄, 스릴러",O
블레이드 러너,"SF, 드라마, 스릴러",O
토이 스토리 2,"애니메이션, 코미디, 가족",O
듄,"SF, 모험",X
스타워즈 에피소드 3: 시스의 복수,"모험, 액션, SF",O
캐리비안의 해적: 낯선 조류,"모험, 액션, 판타지",O
아쿠아맨,"액션, 모험, 판타지",X
핵소 고지,"드라마, 역사, 전쟁",O
원스 어폰 어 타임 인… 할리우드,"코미디, 드라마, 스릴러",O
맨 인 블랙,"액션, 모험, 코미디, SF",X
이상한 나라의 앨리스,"가족, 판타지, 모험",X
셜록 홈즈,"액션, 모험, 범죄, 미스터리",X
300,"액션, 모험, 전쟁",X
터미네이터,"액션, 스릴러, SF",O
쥬만지: 새로운 세계,"모험, 코미디, 판타지, 액션",O
좋은 친구들,"드라마, 범죄",O
트와일라잇,"판타지, 드라마, 로맨스",X
드래곤 길들이기,"판타지, 모험, 애니메이션, 가족",X
터미네이터 2: 심판의 날,"액션, 스릴러, SF",O
스타워즈 에피소드 2: 클론의 습격,"모험, 액션, SF",O
아이스 에이지,"애니메이션, 코미디, 가족, 모험",X
존 윅: 리로드,"액션, 스릴러, 범죄",O
엑스 마키나,"드라마, SF",X
어메이징 스파이더맨 2,"액션, 모험, SF",X
패신저스,"드라마, 로맨스, SF",X
호빗: 스마우그의 폐허,"판타지, 모험, 액션",O
아바타: 물의 길,"액션, 모험, SF",O
앤트맨과 와스프,"액션, 모험, SF",O
메리다와 마법의 숲,"모험, 애니메이션, 가족, 판타지",X
나이브스 아웃,"코미디, 범죄, 미스터리",O
인생은 아름다워,"코미디, 드라마",O
대부 2,"드라마, 범죄",O
빽 투 더 퓨쳐 2,"모험, 코미디, SF",O
굿 윌 헌팅,드라마,O
시계태엽 오렌지,"SF, 범죄",X
악마는 프라다를 입는다,"드라마, 코미디",X
엑스맨: 아포칼립스,"SF, 판타지, 액션",O
가위손,"판타지, 드라마, 로맨스",O
라이프 오브 파이,"모험, 드라마",O
벤자민 버튼의 시간은 거꾸로 간다,"드라마, 판타지, 로맨스",X
모아나,"모험, 코미디, 가족, 애니메이션",X
말레피센트,"판타지, 모험, 액션, 가족, 로맨스",X
인크레더블 2,"액션, 모험, 애니메이션, 가족",O
저스티스 리그,"액션, 모험, SF",X
인디아나 존스: 레이더스,"모험, 액션",O
드라이브,"드라마, 스릴러, 범죄",X
아메리칸 스나이퍼,"전쟁, 액션",X
버드맨,"드라마, 코미디",X
1917,"전쟁, 역사, 드라마",X
엑스맨: 퍼스트 클래스,"액션, SF, 모험",O
다이버전트,"액션, 모험, SF",X
슈렉 2,"애니메이션, 코미디, 가족, 판타지, 로맨스",O
택시 드라이버,"범죄, 드라마",O
도니 다코,"판타지, 드라마, 미스터리",O
퍼시픽 림,"액션, SF, 모험",X
노인을 위한 나라는 없다,"범죄, 스릴러, 서부",O
헝거게임: 더 파이널,"액션, 모험, SF",O
프로메테우스,"SF, 미스터리, 공포",X
미 비포 유,"드라마, 로맨스",X
좀비랜드,"코미디, 공포",X
19곰 테드,"코미디, 판타지",X
소셜 네트워크,드라마,O
프리즈너스,"드라마, 스릴러, 범죄",X
스카페이스,"액션, 범죄, 드라마",X
주먹왕 랄프,"가족, 애니메이션, 코미디, 모험",O
아메리칸 뷰티,드라마,X
위대한 개츠비,"드라마, 로맨스",O
퓨리,"전쟁, 드라마, 액션",X
그린 북,"드라마, 코미디, 역사",X
식스 센스,"미스터리, 스릴러, 드라마",O
셰이프 오브 워터: 사랑의 모양,"드라마, 판타지, 로맨스",X
캐리비안의 해적: 죽은 자는 말이 없다,"모험, 액션, 판타지",X
쥬라기 월드: 폴른 킹덤,"모험, SF, 스릴러",O
혹성탈출: 진화의 시작,"스릴러, 액션, 드라마, SF",O
2012,"액션, 모험, SF",X
컨저링,"공포, 스릴러",O
콜 미 바이 유어 네임,"로맨스, 드라마",X
인크레더블 헐크,"SF, 액션, 모험",X
"아이, 로봇","액션, SF",X
쿵푸팬더,"액션, 애니메이션, 코미디, 가족",X
도리를 찾아서,"모험, 애니메이션, 가족",O
죽은 시인의 사회,드라마,O
실버라이닝 플레이북,"드라마, 코미디, 로맨스",X
2001 스페이스 오디세이,"SF, 미스터리, 모험",X
너의 이름은.,"애니메이션, 로맨스, 드라마",O
아메리칸 히스토리 X,드라마,O
오션스 일레븐,"스릴러, 범죄",O
노트북,"로맨스, 드라마",O
나 홀로 집에,"코미디, 가족",O
라푼젤,"애니메이션, 가족, 모험",O
아멜리에,"코미디, 로맨스",O
킥 애스: 영웅의 탄생,"액션, 범죄",X
그레이의 50가지 그림자,"드라마, 로맨스, 스릴러",O
아메리칸 사이코,"스릴러, 드라마, 범죄",O
다이 하드,"액션, 스릴러",X
캐스트 어웨이,"모험, 드라마",X
트랜스포머,"모험, SF, 액션",X
혹성탈출: 반격의 서막,"SF, 액션, 드라마, 스릴러",O
스타 이즈 본,"음악, 드라마, 로맨스",X
위대한 레보스키,"코미디, 범죄",O
엑스맨,"모험, 액션, SF",X
인 타임,"액션, 스릴러, SF",O
테이큰,"액션, 스릴러",X
더 배트맨,"범죄, 미스터리, 스릴러",X
알라딘,"애니메이션, 가족, 모험, 판타지, 로맨스",O
이티,"모험, SF, 가족",O
노예 12년,"드라마, 역사",X
매트릭스 2: 리로디드,"모험, 액션, 스릴러, SF",X
슈퍼배드 2,"애니메이션, 코미디, 가족, SF",O
오펜하이머,"드라마, 역사",X
제5원소,"SF, 액션, 모험",O
존 윅 3: 파라벨룸,"액션, 스릴러, 범죄",O
나이트 크롤러,"범죄, 드라마, 스릴러",X
마다가스카,"모험, 애니메이션, 코미디, 가족",X
007 카지노 로얄,"모험, 액션, 스릴러",X
나우 유 씨 미 2,"범죄, 스릴러",O
조디악,"범죄, 미스터리, 스릴러",X
그랜 토리노,드라마,O
죠스,"공포, 스릴러, 모험",X
"안녕, 헤이즐","로맨스, 드라마",X
빽 투 더 퓨쳐 3,"모험, 코미디, SF",O
오블리비언,"액션, SF, 모험, 미스터리",X
"나니아 연대기: 사자, 마녀 그리고 옷장","모험, 가족, 판타지",O
브루스 올마이티,"판타지, 코미디",O
풀 메탈 자켓,"드라마, 전쟁",O
리미트리스,"스릴러, 미스터리, SF",X
뻐꾸기 둥지 위로 날아간 새,드라마,X
판의 미로: 오필리아와 세개의 열쇠,"판타지, 드라마, 전쟁",O
신비한 동물들과 그린델왈드의 범죄,"판타지, 모험",O
소울,"애니메이션, 가족, 드라마, 음악, 판타지",X
유주얼 서스펙트,"드라마, 범죄, 스릴러",X
슬럼독 밀리어네어,"드라마, 로맨스",X
몬스터 대학교,"애니메이션, 가족, 코미디, 판타지",O
쥬만지,"모험, 판타지, 가족",X
마스크,"코미디, 판타지, 범죄, 로맨스",X
분노의 질주: 더 세븐,"액션, 범죄, 스릴러",O
행오버 2,코미디,O
블랙 위도우,"액션, 모험, SF",X
엑스맨 탄생: 울버린,"모험, 액션, SF",O
007 스펙터,"액션, 모험, 스릴러",X
미스터 & 미세스 스미스,"액션, 코미디, 드라마, 스릴러",X
월플라워,드라마,O
분노의 질주: 더 맥시멈,"액션, 스릴러, 범죄",X
베놈 2: 렛 데어 비 카니지,"SF, 액션, 모험",X
바비,"코미디, 모험, 판타지",X
테넷,"액션, 스릴러, SF",O
콩: 스컬 아일랜드,"액션, 모험, 판타지",O
킹스맨: 골든 서클,"액션, 모험, 코미디, 범죄, SF",O
브레이브하트,"액션, 드라마, 역사, 전쟁",O
하울의 움직이는 성,"판타지, 애니메이션, 모험",X
사랑에 대한 모든 것,"드라마, 로맨스",X
뷰티풀 마인드,"드라마, 로맨스",O
미니언즈,"가족, 애니메이션, 모험, 코미디",X
인디아나 존스: 최후의 성전,"모험, 액션",O
트로이,"전쟁, 액션, 역사",X
탑건: 매버릭,"액션, 드라마",X
500일의 썸머,"코미디, 드라마, 로맨스",O
메이즈 러너: 스코치 트라이얼,"SF, 액션, 스릴러, 모험",O
21 점프 스트리트,"액션, 코미디, 범죄",X
레퀴엠,"범죄, 드라마",O
싸이코,"공포, 스릴러, 미스터리",X
맨 인 블랙 3,"액션, 코미디, SF",O
박물관이 살아있다!,"판타지, 가족, 코미디",O
셜록 홈즈: 그림자 게임,"액션, 모험, 미스터리, 범죄",O
루퍼,"액션, 스릴러, SF",X
쓰리 빌보드,"범죄, 드라마",O
엑스맨  2,"모험, 액션, SF",X
에이리언 2,"액션, 스릴러, SF",X
스타워즈 에피소드 9: 라이즈 오브 스카이워커,"모험, 액션, SF",O
잭 스나이더의 저스티스 리그,"액션, 모험, 판타지",O
분노의 질주,"액션, 범죄, 스릴러",X
매트릭스 3: 레볼루션,"모험, 액션, 스릴러, SF",O
슈퍼 마리오 브라더스,"가족, 코미디, 모험, 판타지, 애니메이션",O
버즈 오브 프레이: 할리 퀸의 황홀한 해방,"액션, 범죄",O
분노의 질주: 더 익스트림,"액션, 범죄, 스릴러",O
미션 임파서블: 고스트 프로토콜,"액션, 스릴러, 모험",O
라이온 킹,"모험, 드라마, 가족, 애니메이션",O
미녀와 야수,"로맨스, 가족, 애니메이션, 판타지",O
맨 인 블랙 2,"액션, 코미디, SF",X
토이 스토리 4,"가족, 코미디, 애니메이션, 모험",X
고질라 VS. 콩,"액션, SF, 모험",O
나 홀로 집에 2: 뉴욕을 헤매다,"코미디, 가족, 모험",O
알라딘,"모험, 판타지, 로맨스, 가족",O
행복을 찾아서,드라마,O
버드 박스,"공포, 스릴러, 드라마",X
오리엔트 특급 살인,"미스터리, 드라마, 범죄",O
스타 트렉: 더 비기닝,"SF, 액션, 모험",X
미스 페레그린과 이상한 아이들의 집,"모험, 판타지",O
인디펜던스 데이,"액션, 모험, SF",X
드래곤 길들이기 2,"판타지, 액션, 모험, 애니메이션, 가족",O
뮬란,"애니메이션, 가족, 모험",X
히든 피겨스,"드라마, 역사",X
설국열차,"액션, SF, 드라마",O
인서전트,"액션, SF, 스릴러",X
조조 래빗,"코미디, 전쟁, 드라마",O
샹치와 텐 링즈의 전설,"액션, 모험, 판타지",O
트레인스포팅,"드라마, 범죄",X
엑스맨: 최후의 전쟁,"모험, 액션, SF",O
닥터 스트레인지: 대혼돈의 멀티버스,"판타지, 액션, 모험",O
수퍼 소닉,"액션, SF, 코미디, 가족",X
디스트릭트 9,SF,O
밀리언 달러 베이비,드라마,O
팀 버튼의 크리스마스 악몽,"판타지, 애니메이션, 가족",X
아이스 에이지 2,"애니메이션, 가족, 코미디, 모험",X
더 울버린,"액션, SF, 모험",X
겨울왕국 2,"가족, 애니메이션, 모험, 코미디, 판타지",O
핸콕,"판타지, 액션",X
엔칸토: 마법의 세계,"애니메이션, 코미디, 가족, 판타지",O
샤잠!,"액션, 코미디, 판타지",X
유령 신부,"로맨스, 판타지, 애니메이션",O
피아니스트,"드라마, 전쟁",X
인투 더 와일드,"모험, 드라마",X
인디아나 존스: 마궁의 사원,"모험, 액션",O
본 아이덴티티,"액션, 미스터리, 스릴러",X
쏘우,"공포, 미스터리, 범죄",X
크루엘라,"코미디, 범죄, 드라마",X
다빈치 코드,"스릴러, 미스터리",O
미이라,"모험, 액션, 판타지",X
알리타: 배틀 엔젤,"액션, SF, 모험",O
12명의 성난 사람들,드라마,O
위대한 쇼맨,드라마,O
왓치맨,"미스터리, 액션, SF",O
스내치,"범죄, 코미디",X
미션 임파서블,"모험, 액션, 스릴러",X
판타스틱 4,"액션, 판타지, SF",X
더 이퀄라이저,"스릴러, 액션, 범죄",X
언브레이커블,"스릴러, 드라마, 미스터리",X
올드보이,"스릴러, 미스터리",X
프리 가이,"코미디, 모험, SF",O
빅쇼트,"코미디, 드라마",X
고질라,"액션, 드라마, SF",X
슈렉 3,"판타지, 모험, 애니메이션, 코미디, 가족",O
고스트버스터즈,"코미디, 판타지",O
뉴 문,"모험, 판타지, 드라마, 로맨스",O
벅스 라이프,"모험, 애니메이션, 코미디, 가족",O
혹성탈출: 종의 전쟁,"드라마, SF, 전쟁",O
미션 임파서블: 로그네이션,"액션, 모험",O
석양의 무법자,서부,O
룸,"드라마, 스릴러",X
스타 트렉: 다크니스,"액션, 모험, SF",X
마이너리티 리포트,"SF, 액션, 스릴러",X
그것: 두 번째 이야기,"공포, 스릴러, 드라마",O
더 수어사이드 스쿼드,"액션, 코미디, 모험",X
탑건,"액션, 드라마, 로맨스",O
시카리오:  암살자의 도시,"액션, 범죄, 스릴러",X
엘리시움,"SF, 액션, 드라마, 스릴러",X
365일,"로맨스, 드라마, 범죄",X
퀸카로 살아남는 법,"드라마, 코미디",O
우리는 밀러 가족,"코미디, 범죄",O
에이리언: 커버넌트,"공포, SF",O
쥬만지: 넥스트 레벨,"모험, 코미디, 판타지",X
서던 리치: 소멸의 땅,"SF, 공포",X
돈 룩 업,"코미디, SF, 드라마",O
새벽의 황당한 저주,"공포, 코미디",O
브레이킹 던 Part 2,"판타지, 드라마, 로맨스",O
킹스 스피치,"드라마, 역사",O
크레이지 스투피드 러브,"코미디, 드라마, 로맨스",O
어바웃 타임,"드라마, 로맨스, 판타지",X
한 솔로: 스타워즈 스토리,"SF, 모험, 액션",O
브레이킹 던 Part 1,"모험, 판타지, 로맨스",O
쥬라기 공원 2: 잃어버린 세계,"모험, 액션, SF",O
행오버 3,코미디,O
리얼 스틸,"액션, SF, 드라마",X
이클립스,"모험, 판타지, 드라마, 로맨스",X
트리플 엑스 리턴즈,"액션, 모험, 범죄",O
우주전쟁,"모험, 스릴러, SF",O
컨저링 2,공포,O
트랜스포머: 패자의 역습,"SF, 액션, 모험",O
프레데터,"SF, 액션, 모험, 스릴러",X
몬스터 호텔,"애니메이션, 코미디, 가족, 판타지",X
이터널스,"SF, 액션, 모험",X
미션 임파서블: 폴아웃,"액션, 모험",O
소스 코드,"스릴러, SF, 미스터리",O
12 몽키즈,"SF, 스릴러, 미스터리",O
지옥의 묵시록,"드라마, 전쟁",X
파고,"범죄, 드라마, 스릴러",X
글래스,"스릴러, 드라마, SF",X
달라스 바이어스 클럽,"드라마, 역사",O
헬프,드라마,O
원더 우먼 1984,"액션, 모험, 판타지",O
코렐라인: 비밀의 문,"애니메이션, 가족, 판타지",O
모노노케 히메,"모험, 판타지, 애니메이션",O
인디아나 존스: 크리스탈 해골의 왕국,"모험, 액션",O
포드 V 페라리,"드라마, 역사, 액션",O
샌 안드레아스,"액션, 드라마, 스릴러",X
레이디 버드,"드라마, 코미디",X
귀여운 여인,"로맨스, 코미디",X
터미네이터 제니시스,"SF, 액션, 스릴러",X
아르고,"드라마, 스릴러",X
트랜스포머 3 : 달의 어둠,"액션, SF, 모험",O
루카,"애니메이션, 가족, 판타지, 드라마, 코미디",X
내가 널 사랑할 수 없는 10가지 이유,"코미디, 로맨스, 드라마",O
장화신은 고양이: 끝내주는 모험,"애니메이션, 모험, 판타지, 코미디, 가족",O
사랑의 블랙홀,"로맨스, 판타지, 코미디",X
투모로우,"SF, 스릴러, 모험",O
아이스 에이지 3: 공룡시대,"애니메이션, 코미디, 가족, 모험",O
분노의 질주: 언리미티드,"액션, 스릴러, 범죄",O
더 퍼지,"SF, 공포, 스릴러",X
이웃집 토토로,"판타지, 애니메이션, 가족",X
씬 시티,"범죄, 스릴러",X
데드풀과 울버린,"액션, 코미디, SF",O
오션스 8,"범죄, 코미디, 액션",O
스포트라이트,"드라마, 역사",X
트랜스포머: 사라진 시대,"SF, 액션, 모험",O
오만과 편견,"드라마, 로맨스",O
나쁜 녀석들: 포에버,"스릴러, 액션, 범죄",O
터미널,"코미디, 드라마",O
스파이더맨: 어크로스 더 유니버스,"애니메이션, 액션, 모험, SF",O
클로버필드 10번지,"스릴러, SF, 드라마, 공포",O
내가 사랑했던 모든 남자들에게,"코미디, 로맨스",O
나이스 가이즈,"코미디, 범죄, 액션",X
엑소시스트,"공포, 드라마",X
록키,드라마,O
유전,"공포, 미스터리, 스릴러",X
스콧 필그림,"액션, 코미디, 로맨스",O
아마겟돈,"액션, SF, 모험",X
캐빈 인 더 우즈,"공포, 미스터리, 코미디",O
토르: 러브 앤 썬더,"판타지, 액션, 코미디",O
배트맨,"판타지, 액션, 범죄",X
공각기동대: 고스트 인 더 쉘,"SF, 드라마, 액션",X
007 퀀텀 오브 솔러스,"모험, 액션, 스릴러",O
심슨 가족: 더 무비,"애니메이션, 코미디, 가족",O
28일 후,"공포, 스릴러, SF",X
조찬 클럽,"코미디, 드라마",X
22 점프 스트리트,"범죄, 코미디, 액션",O
킹콩,"모험, 드라마, 액션",X
마이펫의 이중생활,"애니메이션, 코미디, 가족, 모험",O
레고 무비,"애니메이션, 가족, 모험, 코미디, 판타지",O
애프터,"드라마, 로맨스",X
정글북,"모험, 가족, 판타지",X
카 2,"애니메이션, 가족, 모험, 코미디",O
베이워치: SOS 해상 구조대,"코미디, 액션, 범죄",X
채피,"범죄, 액션, SF",X
비틀쥬스,"판타지, 코미디",O
씽,"애니메이션, 코미디, 가족, 음악",X
부산행,"액션, 공포, 스릴러",X
가디언즈 오브 갤럭시 Vol. 3,"SF, 모험, 액션",O
메이즈 러너: 데스 큐어,"SF, 액션, 모험, 스릴러",O
판타스틱 4: 실버 서퍼의 위협,"SF, 모험, 액션",O
인어공주,"애니메이션, 가족, 판타지",O
노바디,"액션, 스릴러",X
히트,"범죄, 드라마, 액션",X
프렌즈 위드 베네핏,"로맨스, 코미디",X
본 얼티메이텀,"액션, 드라마, 미스터리, 스릴러",O
