제목,연도,장르,평점,출연,줄거리있음
인터스텔라,2014,"모험, 드라마, SF",8.48,"매튜 매커너히, 앤 해서웨이, 마이클 케인, 제시카 차스테인, 케이시 애플렉",X
인셉션,2010,"액션, SF, 모험",8.372,"레오나르도 디카프리오, 조셉 고든레빗, 와타나베 켄, 톰 하디, 엘리엇 페이지",O
어벤져스,2012,"SF, 액션, 모험",8.053,"로버트 다우니 주니어, 크리스 에반스, 마크 러팔로, 크리스 헴스워스, 스칼렛 요한슨",X
다크 나이트,2008,"액션, 범죄, 스릴러",8.532,"크리스찬 베일, 히스 레저, 에런 엑하트, 마이클 케인, 메기 질렌할",O
아바타,2009,"SF, 액션, 모험",7.608,"샘 워싱턴, 조 샐다나, 시고니 위버, 스티븐 랭, 미셸 로드리게즈",X
데드풀,2016,"액션, 모험, 코미디",7.625,"라이언 레이놀즈, 모레나 바카린, 에드 스크레인, T.J. 밀러, 지나 카라노",X
파이트 클럽,1999,"드라마, 스릴러",8.4,"에드워드 노튼, 브래드 피트, 헬레나 본햄 카터, Meat Loaf, 자레드 레토",O
어벤져스: 인피니티 워,2018,"모험, 액션, SF",8.238,"로버트 다우니 주니어, 크리스 에반스, 크리스 헴스워스, 조쉬 브롤린, 마크 러팔로",O
쇼생크 탈출,1994,"드라마, 범죄",8.724,"팀 로빈스, 모건 프리먼, 밥 건턴, 윌리엄 새들러, 클랜시 브라운",O
펄프 픽션,1994,"스릴러, 범죄, 코미디",8.482,"존 트라볼타, 사무엘 L. 잭슨, 우마 서먼, 브루스 윌리스, 빙 레임스",O
포레스트 검프,1994,"코미디, 드라마, 로맨스",8.5,"톰 행크스, 로빈 라이트, 게리 시나이즈, 샐리 필드, 미켈티 윌리엄슨",O
가디언즈 오브 갤럭시,2014,"액션, SF, 모험",7.906,"크리스 프랫, 조 샐다나, 데이브 바티스타, 빈 디젤, 브래들리 쿠퍼",X
해리 포터와 마법사의 돌,2001,"모험, 판타지",7.9,"다니엘 래드클리프, 루퍼트 그린트, 엠마 왓슨, 리처드 해리스, 톰 펠튼",O
아이언맨,2008,"액션, SF, 모험",7.662,"로버트 다우니 주니어, 테렌스 하워드, 제프 브리지스, 기네스 팰트로, 레슬리 비브",X
장고: 분노의 추적자,2012,"드라마, 서부",8.2,"제이미 폭스, 크리스토프 발츠, 레오나르도 디카프리오, 케리 워싱턴, 사무엘 L. 잭슨",O
매트릭스,1999,"액션, SF",8.25,"키아누 리브스, 로렌스 피시번, 캐리 앤 모스, 휴고 위빙, Gloria Foster",O
어벤져스: 엔드게임,2019,"모험, SF, 액션",8.238,"로버트 다우니 주니어, 크리스 에반스, 마크 러팔로, 크리스 헴스워스, 스칼렛 요한슨",O
조커,2019,"범죄, 스릴러, 드라마",8.123,"호아킨 피닉스, 로버트 드 니로, 재지 비츠, 프랜시스 콘로이, 브래트 컬렌",X
반지의 제왕: 반지 원정대,2001,"모험, 판타지, 액션",8.437,"일라이저 우드, 이안 맥켈런, 비고 모텐슨, 숀 애스틴, 이안 홈",O
타이타닉,1997,"드라마, 로맨스",7.902,"레오나르도 디카프리오, 케이트 윈슬렛, 빌리 제인, 캐시 베이츠, 프랜시스 피셔",X
반지의 제왕: 왕의 귀환,2003,"모험, 판타지, 액션",8.5,"일라이저 우드, 이안 맥켈런, 비고 모텐슨, 숀 애스틴, 앤디 서키스",X
더 울프 오브 월 스트리트,2013,"범죄, 드라마, 코미디",8.0,"레오나르도 디카프리오, 조나 힐, 마고 로비, 매튜 매커너히, 카일 챈들러",X
셔터 아일랜드,2010,"드라마, 스릴러, 미스터리",8.198,"레오나르도 디카프리오, 마크 러팔로, 벤 킹슬리, 막스 폰 시도우, 미셸 윌리엄스",O
어벤져스: 에이지 오브 울트론,2015,"액션, 모험, SF",7.275,"로버트 다우니 주니어, 크리스 헴스워스, 마크 러팔로, 크리스 에반스, 스칼렛 요한슨",O
다크 나이트 라이즈,2012,"액션, 범죄, 드라마, 스릴러",7.795,"크리스찬 베일, 게리 올드만, 톰 하디, 조셉 고든레빗, 앤 해서웨이",O
바스터즈: 거친 녀석들,2009,"드라마, 스릴러, 전쟁",8.2,"브래드 피트, 멜라니 로랑, 크리스토프 발츠, 일라이 로스, 마이클 패스벤더",O
매드맥스: 분노의 도로,2015,"액션, 모험, SF",7.635,"톰 하디, 샤를리즈 테론, 니콜라스 홀트, 휴 키스 -번, 조쉬 헬먼",O
캡틴 아메리카: 시빌 워,2016,"모험, 액션, SF",7.449,"크리스 에반스, 로버트 다우니 주니어, 스칼렛 요한슨, 세바스찬 스탠, 안소니 마키",O
반지의 제왕: 두 개의 탑,2002,"모험, 판타지, 액션",8.422,"일라이저 우드, 이안 맥켈런, 비고 모텐슨, 숀 애스틴, 앤디 서키스",O
해리 포터와 비밀의 방,2002,"모험, 판타지",7.706,"다니엘 래드클리프, 루퍼트 그린트, 엠마 왓슨, 케네스 브래너, 토비 존스",O
블랙 팬서,2018,"액션, 모험, SF",7.364,"채드윅 보스만, 마이클 B. 조던, 루피타 뇽오, 다나이 구리라, 마틴 프리먼",X
인사이드 아웃,2015,"애니메이션, 가족, 모험, 드라마, 코미디",7.908,"에이미 폴러, 필리스 스미스, 리처드 카인드, 빌 헤이더, 루이스 블랙",O
닥터 스트레인지,2016,"판타지, 모험, 액션",7.423,"베네딕트 컴버배치, 치웨텔 에지오포, 레이첼 맥아담스, 베네딕트 웡, 매즈 미켈슨",X
아이언맨 3,2013,"액션, 모험, SF",6.933,"로버트 다우니 주니어, 기네스 팰트로, 돈 치들, 가이 피어스, 레베카 홀",X
헝거게임: 판엠의 불꽃,2012,"SF, 모험, 액션, 스릴러",7.224,"제니퍼 로렌스, 조쉬 허처슨, 리암 헴스워스, 우디 해럴슨, 엘리자베스 뱅크스",X
스파이더맨: 홈커밍,2017,"액션, 모험, SF",7.33,"톰 홀랜드, 마이클 키튼, 로버트 다우니 주니어, 마리사 토메이, 존 파브로",O
해리 포터와 아즈카반의 죄수,2004,"모험, 판타지",8.009,"다니엘 래드클리프, 루퍼트 그린트, 엠마 왓슨, 로비 콜트레인, 마이클 갬본",O
세븐,1995,"범죄, 미스터리, 스릴러",8.382,"모건 프리먼, 브래드 피트, 기네스 팰트로, 존 카시니, 피터 크롬비",O
대부,1972,"드라마, 범죄",8.687,"말론 브란도, 알 파치노, 제임스 칸, 로버트 듀발, 리차드 S. 카텔라노",O
가디언즈 오브 갤럭시 Vol. 2,2017,"SF, 모험, 액션",7.61,"크리스 프랫, 조 샐다나, 데이브 바티스타, 빈 디젤, 브래들리 쿠퍼",O
퍼스트 어벤져,2011,"액션, 모험, SF",7.009,"크리스 에반스, 헤일리 앳웰, 세바스찬 스탠, 토미 리 존스, 휴고 위빙",O
배트맨 비긴즈,2005,"드라마, 범죄, 액션",7.728,"크리스찬 베일, 마이클 케인, 리암 니슨, 케이티 홈즈, 게리 올드만",O
아이언맨 2,2010,"모험, 액션, SF",6.854,"로버트 다우니 주니어, 기네스 팰트로, 돈 치들, 스칼렛 요한슨, 샘 록웰",O
스타워즈 에피소드 4: 새로운 희망,1977,"모험, 액션, SF",8.206,"마크 해밀, 해리슨 포드, 캐리 피셔, 피터 커싱, 앨릭 기니스",X
토르: 천둥의 신,2011,"모험, 판타지, 액션",6.771,"크리스 헴스워스, 나탈리 포트만, 톰 히들스턴, 안소니 홉킨스, 스텔란 스카스가드",X
캐리비안의 해적: 블랙펄의 저주,2003,"모험, 판타지, 액션",7.829,"조니 뎁, 제프리 러쉬, 올랜도 블룸, 키이라 나이틀리, 잭 대븐포트",X
해리 포터와 불의 잔,2005,"모험, 판타지",7.803,"다니엘 래드클리프, 루퍼트 그린트, 엠마 왓슨, 브렌던 글리슨, 마이클 갬본",O
수어사이드 스쿼드,2016,"액션, 모험, 판타지",5.917,"윌 스미스, 자레드 레토, 마고 로비, 조엘 킨나만, 비올라 데이비스",X
스파이더맨: 노 웨이 홈,2021,"액션, 모험, SF",7.934,"톰 홀랜드, 젠데이아, 베네딕트 컴버배치, 제이콥 배털런, 존 파브로",O
토르: 라그나로크,2017,"액션, SF, 코미디",7.582,"크리스 헴스워스, 마크 러팔로, 톰 히들스턴, 케이트 블란쳇, 이드리스 엘바",O
해리 포터와 죽음의 성물 2,2011,"모험, 판타지",8.08,"다니엘 래드클리프, 엠마 왓슨, 루퍼트 그린트, 랄프 파인즈, 앨런 릭먼",O
빽 투 더 퓨쳐,1985,"모험, 코미디, SF",8.326,"마이클 J. 폭스, 크리스토퍼 로이드, 크리스핀 글로버, 리 톰슨, 클로디아 웰즈",O
업,2009,"애니메이션, 코미디, 가족, 모험",7.962,"에드워드 애스너, 크리스토퍼 플러머, Jordan Nagai, 밥 피터슨, 델로이 린도",X
쥬라기 월드,2015,"모험, SF, 스릴러",6.702,"크리스 프랫, 브라이스 댈러스 하워드, 이르판 칸, 빈센트 도노프리오, 타이 심킨스",O
마션,2015,"SF, 드라마, 모험",7.702,"맷 데이먼, 제시카 차스테인, 크리스틴 위그, 제프 다니엘스, 마이클 페냐",X
코코,2017,"가족, 애니메이션, 음악, 모험",8.198,"Anthony Gonzalez, 가엘 가르시아 베르날, 벤저민 브랫, Alanna Ubach, Renée Victor",X
글래디에이터,2000,"액션, 드라마, 모험",8.227,"러셀 크로우, 호아킨 피닉스, 코니 닐센, 올리버 리드, 리처드 해리스",X
원더 우먼,2017,"액션, 모험, 판타지",7.208,"갤 가돗, 크리스 파인, 코니 닐센, 로빈 라이트, 대니 휴스턴",X
존 윅,2014,"액션, 스릴러",7.5,"키아누 리브스, 미카엘 니크비스트, 알피 앨런, 윌렘 대포, 딘 윈터스",X
앤트맨,2015,"SF, 모험, 액션",7.067,"폴 러드, 마이클 더글라스, 에반젤린 릴리, 코리 스톨, 바비 카나베일",X
해리 포터와 불사조 기사단,2007,"모험, 판타지",7.672,"다니엘 래드클리프, 루퍼트 그린트, 엠마 왓슨, 이멜다 스턴튼, 헬레나 본햄 카터",O
해리 포터와 혼혈왕자,2009,"모험, 판타지",7.7,"다니엘 래드클리프, 루퍼트 그린트, 엠마 왓슨, 짐 브로드벤트, 마이클 갬본",O
기생충,2019,"코미디, 스릴러, 드라마",8.492,"송강호, 이선균, 조여정, 최우식, 박소담",X
스파이더맨,2002,"액션, SF",7.334,"토비 맥과이어, 윌렘 대포, 커스틴 던스트, 제임스 프랭코, 클리프 로버트슨",X
니모를 찾아서,2003,"애니메이션, 가족, 모험",7.82,"앨버트 브룩스, 엘런 디제너러스, Alexander Gould, 윌렘 대포, 제프리 러쉬",O
스타워즈 에피소드 7: 깨어난 포스,2015,"모험, 액션, SF",7.248,"데이지 리들리, 존 보예가, 오스카 아이작, 애덤 드라이버, 캐리 피셔",O
로건,2017,"액션, 드라마, SF",7.82,"휴 잭맨, 다프네 킨, 패트릭 스튜어트, Elizabeth Rodriguez, 보이드 홀브룩",X
해리 포터와 죽음의 성물 1,2010,"모험, 판타지",7.734,"다니엘 래드클리프, 엠마 왓슨, 루퍼트 그린트, 토비 존스, 헬레나 본햄 카터",O
월•E,2008,"애니메이션, 가족, SF",8.116,"Ben Burtt, Elissa Knight, Jeff Garlin, Fred Willard, 존 라젠버그",O
그것,2017,"공포, 스릴러, 드라마",7.2,"제이든 리버허, 제레미 레이 테일러, 소피아 릴리스, 핀 울프하드, 초슨 제이콥스",X
트루먼 쇼,1998,"코미디, 드라마",8.155,"짐 캐리, 로라 리니, Noah Emmerich, 나타샤 맥켈혼, 홀랜드 테일러",X
토이 스토리,1995,"가족, 코미디, 애니메이션, 모험",8.0,"톰 행크스, 팀 앨런, 돈 리클리스, 짐 바니, 월리스 숀",O
캡틴 아메리카: 윈터 솔져,2014,"액션, 모험, SF",7.656,"크리스 에반스, 사무엘 L. 잭슨, 스칼렛 요한슨, 로버트 레드포드, 세바스찬 스탠",O
나를 찾아줘,2014,"미스터리, 스릴러, 드라마",7.9,"벤 애플렉, 로저먼드 파이크, 닐 패트릭 해리스, 타일러 페리, 캐리 쿤",X
몬스터 주식회사,2001,"애니메이션, 코미디, 가족, 판타지",7.853,"존 굿맨, 빌리 크리스탈, Mary Gibbs, 스티브 부세미, 제임스 코번",O
라이온 킹,1994,"애니메이션, 가족, 드라마",8.254,"매튜 브로더릭, Moira Kelly, 제레미 아이언스, 네이선 레인, Ernie Sabella",O
신비한 동물사전,2016,"판타지, 모험",7.309,"에디 레드메인, 캐서린 워터스톤, Dan Fogler, 앨리슨 수돌, 콜린 파렐",X
호빗: 뜻밖의 여정,2012,"모험, 판타지, 액션",7.378,"마틴 프리먼, 이안 맥켈런, 리차드 아미티지, 제임스 네스빗, Ken Stott",O
컨택트,2016,"드라마, SF, 미스터리",7.629,"에이미 아담스, 제레미 레너, 포레스트 휘태커, 마이클 스툴바그, 마크 오브라이언",X
레버넌트: 죽음에서 돌아온 자,2015,"서부, 드라마, 모험",7.5,"레오나르도 디카프리오, 톰 하디, 도널 글리슨, 윌 폴터, 포레스트 굿럭",X
그린 마일,1999,"판타지, 드라마, 범죄",8.506,"톰 행크스, 데이비드 모스, 보니 헌트, 마이클 클라크 덩컨, 제임스 크롬웰",X
데드풀 2,2018,"액션, 코미디, 모험",7.491,"라이언 레이놀즈, 조쉬 브롤린, 모레나 바카린, 줄리안 덴니슨, 재지 비츠",X
배트맨 대 슈퍼맨: 저스티스의 시작,2016,"액션, 모험, 판타지",6.005,"벤 애플렉, 헨리 카빌, 제시 아이젠버그, 갤 가돗, 에이미 아담스",X
킬 빌: 1부,2003,"액션, 범죄",8.0,"우마 서먼, 루시 리우, 비비카 A. 폭스, 대릴 해나, 데이비드 캐러딘",O
샤이닝,1980,"공포, 스릴러",8.203,"잭 니콜슨, 셜리 듀발, 대니 로이드, 스캣맨 크로더스, 베리 넬슨",X
인크레더블,2004,"액션, 모험, 애니메이션, 가족",7.727,"크레이그 T. 넬슨, 홀리 헌터, Sarah Vowell, Spencer Fox, 제이슨 리",O
겟 아웃,2017,"미스터리, 스릴러, 공포",7.624,"다니엘 칼루야, 앨리슨 윌리엄스, 캐서린 키너, 브래들리 휘트포드, 케일럽 랜드리 존스",O
슈렉,2001,"애니메이션, 코미디, 판타지, 모험, 가족",7.769,"마이크 마이어스, 에디 머피, 카메론 디아즈, 존 리스고, 뱅상 카셀",O
어메이징 스파이더맨,2012,"액션, 모험, SF",6.74,"앤드류 가필드, 엠마 스톤, 리스 이판, 데니스 리어리, 마틴 쉰",X
라따뚜이,2007,"애니메이션, 코미디, 가족, 판타지",7.844,"패튼 오즈월트, 이안 홈, Lou Romano, 브라이언 데너히, 피터 손",X
언터처블: 1%의 우정,2011,"드라마, 코미디",8.272,"프랑수아 클루제, 오마르 시, Anne Le Ny, Audrey Fleurot, Joséphine de Meaux",O
스타워즈 에피소드 5: 제국의 역습,1980,"모험, 액션, SF",8.392,"마크 해밀, 해리슨 포드, 캐리 피셔, 빌리 디 윌리엄스, 안소니 다니엘스",O
헝거게임: 캣칭 파이어,2013,"모험, 액션, SF",7.427,"제니퍼 로렌스, 조쉬 허처슨, 리암 헴스워스, 우디 해럴슨, 엘리자베스 뱅크스",O
센과 치히로의 행방불명,2001,"애니메이션, 가족, 판타지",8.534,"히이라기 루미, 이리노 미유, 나츠키 마리, 나이토 타카시, 사와구치 야스코",X
토르: 다크 월드,2013,"액션, 모험, 판타지",6.5,"크리스 헴스워스, 나탈리 포트만, 톰 히들스턴, 크리스토퍼 에클스턴, 안소니 홉킨스",X
23 아이덴티티,2017,"공포, 스릴러",7.3,"제임스 맥어보이, 안야 테일러조이, 헤일리 루 리처드슨, 제시카 술라, 베티 버클리",X
주토피아,2016,"애니메이션, 모험, 가족, 코미디",7.765,"지니퍼 굿윈, 제이슨 베이트먼, 이드리스 엘바, 제니 슬레이트, 네이트 토런스",O
라라랜드,2016,"코미디, 드라마, 로맨스",7.897,"라이언 고슬링, 엠마 스톤, 존 레전드, 로즈메리 디윗, 핀 위트록",O
메이즈 러너,2014,"액션, 미스터리, SF, 스릴러",7.19,"딜런 오브라이언, 카야 스코델라리오, 토머스 브로디생스터, 이기홍, 윌 폴터",O
행오버,2009,코미디,7.3,"브래들리 쿠퍼, 에드 헬름스, 잭 갤리퍼내키스, Justin Bartha, 헤더 그레이엄",O
이미테이션 게임,2014,"역사, 드라마, 스릴러, 전쟁",7.983,"베네딕트 컴버배치, 키이라 나이틀리, 매튜 구드, 로리 키니어, 앨런 리치",O
양들의 침묵,1991,"범죄, 스릴러, 드라마",8.345,"조디 포스터, 안소니 홉킨스, 스콧 글렌, 테드 러바인, 앤서니 힐드",X
쥬라기 공원,1993,"모험, SF",7.971,"샘 닐, 로라 던, 제프 골드블룸, 리처드 애튼버러, Bob Peck",O
킹스맨: 시크릿 에이전트,2015,"범죄, 코미디, 액션, 모험",7.62,"태런 에저턴, 콜린 퍼스, 사무엘 L. 잭슨, 마크 스트롱, 소피 쿡슨",O
보헤미안 랩소디,2018,"음악, 드라마",7.957,"라미 말렉, Gwilym Lee, 벤 하디, 조셉 마젤로, 루시 보인턴",X
프레스티지,2006,"드라마, 미스터리, SF",8.209,"휴 잭맨, 크리스찬 베일, 마이클 케인, 파이퍼 페라보, 레베카 홀",O
덩케르크,2017,"전쟁, 액션, 드라마",7.5,"핀 화이트헤드, 톰 하디, 마크 라이런스, 케네스 브래너, 킬리언 머피",X
겨울왕국,2013,"애니메이션, 가족, 모험, 판타지",7.249,"이디나 멘젤, 크리스틴 벨, 조나단 그로프, 조시 게드, Livvy Stubenrauch",X
쉰들러 리스트,1993,"드라마, 역사, 전쟁",8.57,"리암 니슨, 벤 킹슬리, 랄프 파인즈, 캐럴라인 구돌, 조나단 사갈",O
라이언 일병 구하기,1998,"전쟁, 드라마, 역사",8.229,"톰 행크스, 톰 시즈모어, 에드워드 번즈, 배리 페퍼, 아담 골드버그",O
스파이더맨: 뉴 유니버스,2018,"애니메이션, 액션, 모험, SF",8.392,"셔믹 무어, 제이크 존슨, 헤일리 스타인펠드, 마허샬라 알리, 브라이언 타이리 헨리",O
베놈,2018,"SF, 액션",6.826,"톰 하디, 미셸 윌리엄스, 리즈 아메드, Scott Haze, 리드 스콧",X
캐리비안의 해적: 망자의 함,2006,"모험, 판타지, 액션",7.385,"조니 뎁, 올랜도 블룸, 키이라 나이틀리, 잭 대븐포트, 빌 나이",O
캐치 미 이프 유 캔,2002,"드라마, 범죄",7.978,"레오나르도 디카프리오, 톰 행크스, 크리스토퍼 워컨, 마틴 쉰, 나탈리 베이",O
루시,2014,"액션, SF",6.474,"스칼렛 요한슨, 모건 프리먼, 최민식, 암르 와케드, Julian Rhind-Tutt",X
스파이더맨: 파 프롬 홈,2019,"액션, 모험, SF",7.395,"톰 홀랜드, 제이크 질렌할, 사무엘 L. 잭슨, 마리사 토메이, 존 파브로",O
레디 플레이어 원,2018,"모험, 액션, SF",7.589,"타이 셰리던, 올리비아 쿡, 벤 멘델슨, 레나 웨이드, T.J. 밀러",O
스타워즈 에피소드 6: 제다이의 귀환,1983,"모험, 액션, SF",7.909,"마크 해밀, 해리슨 포드, 캐리 피셔, 빌리 디 윌리엄스, 안소니 다니엘스",O
나는 전설이다,2007,"드라마, SF, 스릴러",7.218,"윌 스미스, 앨리스 브라가, 찰리 타핸, Dash Mihok, Salli Richardson-Whitfield",X
베이비 드라이버,2017,"액션, 범죄",7.444,"안셀 엘고트, 케빈 스페이시, 릴리 제임스, 존 햄, 제이미 폭스",X
나우 유 씨 미: 마술사기단,2013,"스릴러, 범죄",7.3,"제시 아이젠버그, 우디 해럴슨, 아일라 피셔, 데이브 프랭코, 마크 러팔로",X
캡틴 마블,2019,"액션, 모험, SF",6.78,"브리 라슨, 사무엘 L. 잭슨, 벤 멘델슨, 주드 로, 아네트 베닝",X
헝거게임: 모킹제이,2014,"SF, 모험, 스릴러",6.817,"제니퍼 로렌스, 조쉬 허처슨, 리암 헴스워스, 우디 해럴슨, 엘리자베스 뱅크스",O
위플래쉬,2014,"드라마, 음악, 스릴러",8.4,"마일스 텔러, J.K. 시몬스, 폴 라이저, 멜리사 베노이스트, 오스틴 스토얼",X
월드워 Z,2013,"액션, 공포, SF",6.842,"브래드 피트, Mireille Enos, דניאלה קרטס‎, 제임스 뱃지 데일, Ludi Boeken",O
빅 히어로,2014,"모험, 가족, 애니메이션, 액션, 코미디",7.726,"스콧 애드싯, Ryan Potter, 다니엘 헤니, T.J. 밀러, 제이미 정",X
로그 원: 스타워즈 스토리,2016,"액션, 모험, SF",7.509,"펠리시티 존스, 디에고 루나, 앨런 튜딕, 견자단, 강문",O
에이리언,1979,"공포, SF",8.171,"톰 스커릿, 시고니 위버, Veronica Cartwright, 해리 딘 스탠턴, 존 허트",X
스파이더맨 2,2004,"액션, 모험, SF",7.314,"토비 맥과이어, 커스틴 던스트, 제임스 프랭코, 알프레드 몰리나, 로즈메리 해리스",O
이터널 선샤인,2004,"SF, 드라마, 로맨스",8.091,"짐 캐리, 케이트 윈슬렛, 커스틴 던스트, 마크 러팔로, 일라이저 우드",O
스타워즈 에피소드 8: 라스트 제다이,2017,"모험, 액션, SF",6.749,"마크 해밀, 캐리 피셔, 애덤 드라이버, 데이지 리들리, 존 보예가",X
그래비티,2013,"SF, 스릴러, 드라마",7.17,"산드라 블록, 조지 클루니, 에드 해리스, 오르토 이그나티우센, 팔두트 샤르마",X
메멘토,2000,"미스터리, 스릴러",8.2,"가이 피어스, 캐리 앤 모스, 조 판톨리아노, 마크 분 주니어, 러스 페가",X
엑스맨: 데이즈 오브 퓨처 패스트,2014,"액션, 모험, SF",7.5,"휴 잭맨, 제임스 맥어보이, 마이클 패스벤더, 패트릭 스튜어트, 이안 맥켈런",O
맨 오브 스틸,2013,"액션, 모험, SF",6.652,"헨리 카빌, 에이미 아담스, 마이클 섀넌, 다이앤 레인, 러셀 크로우",X
디파티드,2006,"드라마, 스릴러, 범죄",8.2,"레오나르도 디카프리오, 맷 데이먼, 잭 니콜슨, 마크 월버그, 마틴 쉰",O
레옹,1994,"범죄, 드라마, 액션",8.294,"장 르노, 나탈리 포트만, 게리 올드만, 데니 에일로, 피터 에펠",O
그랜드 부다페스트 호텔,2014,"코미디, 드라마",8.027,"랄프 파인즈, F. 머레이 에이브러햄, 마티유 아말릭, 에이드리언 브로디, 윌렘 대포",O
찰리와 초콜릿 공장,2005,"모험, 코미디, 가족, 판타지",7.039,"조니 뎁, 프레디 하이모어, 데이비드 켈리, 헬레나 본햄 카터, 노아 테일러",O
007 스카이폴,2012,"액션, 모험, 스릴러",7.263,"다니엘 크레이그, 주디 덴치, 하비에르 바르뎀, 랄프 파인즈, 나오미 해리스",O
슈퍼배드,2010,"애니메이션, 코미디, 범죄, SF, 가족",7.259,"스티브 카렐, 제이슨 시걸, 러셀 브랜드, 줄리 앤드류스, 윌 아넷",X
미녀와 야수,2017,"가족, 판타지, 로맨스",7.0,"엠마 왓슨, 댄 스티븐스, 루크 에반스, 케빈 클라인, 엠마 톰슨",O
스타워즈 에피소드 1: 보이지 않는 위험,1999,"모험, 액션, SF",6.58,"리암 니슨, 이완 맥그리거, 나탈리 포트만, 제이크 로이드, 이언 맥더미드",X
토이 스토리 3,2010,"애니메이션, 가족, 코미디",7.812,"톰 행크스, 팀 앨런, 조앤 쿠삭, 돈 리클리스, 월리스 숀",X
브이 포 벤데타,2006,"액션, 스릴러, SF",7.902,"나탈리 포트만, 휴고 위빙, 스티븐 레이, 스티븐 프라이, 존 허트",O
블랙 스완,2010,"드라마, 스릴러, 공포",7.7,"나탈리 포트만, 밀라 쿠니스, 뱅상 카셀, 바바라 허쉬, 위노나 라이더",X
캐리비안의 해적: 세상의 끝에서,2007,"모험, 판타지, 액션",7.275,"조니 뎁, 제프리 러쉬, 올랜도 블룸, 키이라 나이틀리, 잭 대븐포트",O
저수지의 개들,1992,"범죄, 스릴러",8.1,"하비 카이텔, 팀 로스, 마이클 매드슨, 크리스 펜, 스티브 부세미",O
호빗: 다섯 군대 전투,2014,"액션, 모험, 판타지",7.338,"이안 맥켈런, 마틴 프리먼, 리차드 아미티지, 올랜도 블룸, 에반젤린 릴리",O
콰이어트 플레이스,2018,"공포, 드라마, SF",7.395,"에밀리 블런트, 존 크래신스키, 밀리센트 시먼즈, 노아 주프, Cade Woodward",O
그녀,2013,"로맨스, SF, 드라마",7.838,"호아킨 피닉스, 스칼렛 요한슨, Lynn Adrianna, Lisa Renee Pitts, Gabe Gomez",X
헤이트풀8,2015,"드라마, 미스터리, 서부",7.757,"사무엘 L. 잭슨, 커트 러셀, 제니퍼 제이슨 리, 월튼 고긴스, 데미안 비치르",O
스파이더맨 3,2007,"액션, 모험, SF",6.463,"토비 맥과이어, 커스틴 던스트, 제임스 프랭코, 토마스 헤이든 처치, 토퍼 그레이스",O
블레이드 러너 2049,2017,"SF, 드라마",7.596,"라이언 고슬링, 해리슨 포드, 아나 데 아르마스, 데이브 바티스타, 로빈 라이트",O
카,2006,"애니메이션, 모험, 코미디, 가족",7.0,"오웬 윌슨, 폴 뉴먼, 보니 헌트, Larry the Cable Guy, Cheech Marin",X
엣지 오브 투모로우,2014,"액션, SF",7.64,"톰 크루즈, 에밀리 블런트, 브렌던 글리슨, 빌 팩스턴, Jonas Armstrong",X
킬 빌: 2부,2004,"액션, 범죄, 스릴러",7.9,"우마 서먼, 데이비드 캐러딘, 대릴 해나, 마이클 매드슨, 유가휘",O
블레이드 러너,1982,"SF, 드라마, 스릴러",7.936,"해리슨 포드, 루트거 하우어, 숀 영, 에드워드 제임스 올모스, M. 에멧 월시",O
토이 스토리 2,1999,"애니메이션, 코미디, 가족",7.6,"톰 행크스, 팀 앨런, 조앤 쿠삭, 켈시 그래머, 돈 리클리스",O
듄,2021,"SF, 모험",7.781,"티모시 샬라메, 레베카 퍼거슨, 오스카 아이작, 제이슨 모모아, 스텔란 스카스가드",X
스타워즈 에피소드 3: 시스의 복수,2005,"모험, 액션, SF",7.471,"헤이든 크리스텐슨, 이완 맥그리거, 나탈리 포트만, 이언 맥더미드, 사무엘 L. 잭슨",O
캐리비안의 해적: 낯선 조류,2011,"모험, 액션, 판타지",6.57,"조니 뎁, 페넬로페 크루스, 제프리 러쉬, 이언 맥셰인, Kevin McNally",O
아쿠아맨,2018,"액션, 모험, 판타지",6.868,"제이슨 모모아, 엠버 허드, 윌렘 대포, 패트릭 윌슨, 니콜 키드먼",X
핵소 고지,2016,"드라마, 역사, 전쟁",8.191,"앤드류 가필드, 샘 워싱턴, 빈스 본, 테레사 파머, 루크 브레이시",O
원스 어폰 어 타임 인… 할리우드,2019,"코미디, 드라마, 스릴러",7.421,"레오나르도 디카프리오, 브래드 피트, 마고 로비, 에밀 허쉬, 마가렛 퀄리",O
맨 인 블랙,1997,"액션, 모험, 코미디, SF",7.224,"토미 리 존스, 윌 스미스, Linda Fiorentino, 빈센트 도노프리오, Rip Torn",X
이상한 나라의 앨리스,2010,"가족, 판타지, 모험",6.643,"미아 바시코프스카, 조니 뎁, 앤 해서웨이, 헬레나 본햄 카터, 크리스핀 글로버",X
셜록 홈즈,2009,"액션, 모험, 범죄, 미스터리",7.221,"로버트 다우니 주니어, 주드 로, 레이첼 맥아담스, 마크 스트롱, 에디 마산",X
300,2007,"액션, 모험, 전쟁",7.2,"제라드 버틀러, 레나 헤디, 도미닉 웨스트, 데이비드 웬햄, 빈센트 레건",X
터미네이터,1984,"액션, 스릴러, SF",7.685,"아놀드 슈왈제네거, 마이클 빈, 린다 해밀턴, Paul Winfield, 랜스 헨릭슨",O
쥬만지: 새로운 세계,2017,"모험, 코미디, 판타지, 액션",6.82,"드웨인 존슨, 케빈 하트, 잭 블랙, 카렌 길런, 리스 다비",O
좋은 친구들,1990,"드라마, 범죄",8.454,"로버트 드 니로, 레이 리오타, 조 페시, 로렌 브라코, 폴 소비노",O
트와일라잇,2008,"판타지, 드라마, 로맨스",6.281,"크리스틴 스튜어트, 로버트 패틴슨, 빌리 버크, 피터 패치넬리, 애슐리 그린",X
드래곤 길들이기,2010,"판타지, 모험, 애니메이션, 가족",7.862,"제이 바루첼, 제라드 버틀러, Craig Ferguson, 아메리카 페레라, 조나 힐",X
터미네이터 2: 심판의 날,1991,"액션, 스릴러, SF",8.154,"아놀드 슈왈제네거, 린다 해밀턴, 에드워드 펄롱, 로버트 패트릭, Earl Boen",O
스타워즈 에피소드 2: 클론의 습격,2002,"모험, 액션, SF",6.595,"헤이든 크리스텐슨, 이완 맥그리거, 나탈리 포트만, 크리스토퍼 리, 사무엘 L. 잭슨",O
아이스 에이지,2002,"애니메이션, 코미디, 가족, 모험",7.379,"레이 로마노, 존 레귀자모, 데니스 리어리, Goran Višnjić, 잭 블랙",X
존 윅: 리로드,2017,"액션, 스릴러, 범죄",7.342,"키아누 리브스, 커먼, 로렌스 피시번, Riccardo Scamarcio, 루비 로즈",O
엑스 마키나,2015,"드라마, SF",7.573,"도널 글리슨, 알리시아 비칸데르, 오스카 아이작, 미즈노 소노야, 코리 존슨",X
어메이징 스파이더맨 2,2014,"액션, 모험, SF",6.545,"앤드류 가필드, 엠마 스톤, 제이미 폭스, 데인 드한, Colm Feore",X
패신저스,2016,"드라마, 로맨스, SF",6.955,"제니퍼 로렌스, 크리스 프랫, 마이클 쉰, 로렌스 피시번, 앤디 가르시아",X
호빗: 스마우그의 폐허,2013,"판타지, 모험, 액션",7.581,"이안 맥켈런, 마틴 프리먼, 리차드 아미티지, 베네딕트 컴버배치, 올랜도 블룸",O
아바타: 물의 길,2022,"액션, 모험, SF",7.594,"샘 워싱턴, 조 샐다나, 시고니 위버, 스티븐 랭, 케이트 윈슬렛",O
앤트맨과 와스프,2018,"액션, 모험, SF",6.902,"폴 러드, 에반젤린 릴리, 마이클 더글라스, 해나 존 케이먼, 랜들 박",O
메리다와 마법의 숲,2012,"모험, 애니메이션, 가족, 판타지",7.032,"켈리 맥도널드, 엠마 톰슨, Billy Connolly, 줄리 월터스, 로비 콜트레인",X
나이브스 아웃,2019,"코미디, 범죄, 미스터리",7.841,"다니엘 크레이그, 크리스 에반스, 아나 데 아르마스, 제이미 리 커티스, 마이클 섀넌",O
인생은 아름다워,1997,"코미디, 드라마",8.4,"로베르토 베니니, 니콜레타 브라스키, 조르지오 깐따리니, 지우스티노 듀라노, 세르지오 비니 부스트릭",O
대부 2,1974,"드라마, 범죄",8.6,"알 파치노, 로버트 듀발, 다이앤 키튼, 로버트 드 니로, 존 카제일",O
빽 투 더 퓨쳐 2,1989,"모험, 코미디, SF",7.783,"마이클 J. 폭스, 크리스토퍼 로이드, 리 톰슨, 토머스 F. 윌슨, 엘리자베스 슈",O
굿 윌 헌팅,1997,드라마,8.162,"맷 데이먼, 로빈 윌리엄스, 벤 애플렉, 스텔란 스카스가드, 미니 드라이버",O
시계태엽 오렌지,1971,"SF, 범죄",8.176,"말콤 맥도웰, Patrick Magee, Carl Duering, Michael Bates, Warren Clarke",X
악마는 프라다를 입는다,2006,"드라마, 코미디",7.438,"메릴 스트립, 앤 해서웨이, 에밀리 블런트, 스탠리 투치, 사이먼 베이커",X
엑스맨: 아포칼립스,2016,"SF, 판타지, 액션",6.526,"제임스 맥어보이, 마이클 패스벤더, 제니퍼 로렌스, 니콜라스 홀트, 오스카 아이작",O
가위손,1990,"판타지, 드라마, 로맨스",7.72,"조니 뎁, 위노나 라이더, 다이앤 위스트, Anthony Michael Hall, Kathy Baker",O
라이프 오브 파이,2012,"모험, 드라마",7.4,"Suraj Sharma, 이르판 칸, Ayush Tandon, Gautam Belur, Adil Hussain",O
벤자민 버튼의 시간은 거꾸로 간다,2008,"드라마, 판타지, 로맨스",7.6,"브래드 피트, 케이트 블란쳇, 타라지 P. 헨슨, 줄리아 오먼드, 제이슨 플레밍",X
모아나,2016,"모험, 코미디, 가족, 애니메이션",7.566,"아울리이 크러발리오, 드웨인 존슨, 레이첼 하우스, 테무에라 모리슨, 저메인 클레멘트",X
말레피센트,2014,"판타지, 모험, 액션, 가족, 로맨스",7.088,"안젤리나 졸리, 엘 패닝, 이멜다 스턴튼, 샬토 코플리, 레슬리 맨빌",X
인크레더블 2,2018,"액션, 모험, 애니메이션, 가족",7.454,"크레이그 T. 넬슨, 홀리 헌터, Sarah Vowell, Huck Milner, 캐서린 키너",O
저스티스 리그,2017,"액션, 모험, SF",6.073,"벤 애플렉, 헨리 카빌, 에이미 아담스, 갤 가돗, 에즈라 밀러",X
인디아나 존스: 레이더스,1981,"모험, 액션",7.925,"해리슨 포드, 캐런 앨런, 폴 프리먼, 존 라이스 데이비스, Ronald Lacey",O
드라이브,2011,"드라마, 스릴러, 범죄",7.583,"라이언 고슬링, 캐리 멀리건, 브라이언 크랜스턴, 앨버트 브룩스, 오스카 아이작",X
아메리칸 스나이퍼,2014,"전쟁, 액션",7.4,"브래들리 쿠퍼, 시에나 밀러, 카일 갤너, Cole Konis, Ben Reed",X
버드맨,2014,"드라마, 코미디",7.441,"마이클 키튼, 엠마 스톤, 잭 갤리퍼내키스, 에드워드 노튼, 안드레아 라이즈보로",X
1917,2019,"전쟁, 역사, 드라마",7.987,"조지 맥케이, 딘-찰스 채프먼, 마크 스트롱, 앤드류 스콧, 리차드 매든",X
엑스맨: 퍼스트 클래스,2011,"액션, SF, 모험",7.3,"제임스 맥어보이, 마이클 패스벤더, 제니퍼 로렌스, 로즈 번, 케빈 베이컨",O
다이버전트,2014,"액션, 모험, SF",6.905,"쉐일린 우들리, 테오 제임스, 애슐리 저드, 제이 코트니, 레이 스티븐슨",X
슈렉 2,2004,"애니메이션, 코미디, 가족, 판타지, 로맨스",7.322,"마이크 마이어스, 에디 머피, 카메론 디아즈, 줄리 앤드류스, 안토니오 반데라스",O
택시 드라이버,1976,"범죄, 드라마",8.1,"로버트 드 니로, 조디 포스터, Cybill Shepherd, 하비 카이텔, Peter Boyle",O
도니 다코,2001,"판타지, 드라마, 미스터리",7.763,"제이크 질렌할, 제나 말론, 제임스 듀발, 드류 배리모어, 베스 그랜트",O
퍼시픽 림,2013,"액션, SF, 모험",6.933,"찰리 허냄, 키쿠치 린코, 이드리스 엘바, 맥스 마티니, Clifton Collins Jr.",X
노인을 위한 나라는 없다,2007,"범죄, 스릴러, 서부",7.949,"하비에르 바르뎀, 토미 리 존스, 조쉬 브롤린, 우디 해럴슨, 켈리 맥도널드",O
헝거게임: 더 파이널,2015,"액션, 모험, SF",6.901,"제니퍼 로렌스, 조쉬 허처슨, 리암 헴스워스, 우디 해럴슨, 엘리자베스 뱅크스",O
프로메테우스,2012,"SF, 미스터리, 공포",6.6,"누미 라파스, 마이클 패스벤더, 샤를리즈 테론, 이드리스 엘바, 가이 피어스",X
미 비포 유,2016,"드라마, 로맨스",7.925,"에밀리아 클라크, 샘 클라플린, 자넷 맥티어, 찰스 댄스, 브렌던 코일",X
좀비랜드,2009,"코미디, 공포",7.259,"제시 아이젠버그, 우디 해럴슨, 엠마 스톤, 아비게일 브레스린, 엠버 허드",X
19곰 테드,2012,"코미디, 판타지",6.454,"마크 월버그, 밀라 쿠니스, 세스 맥팔레인, 조엘 맥헤일, 조반니 리비시",X
소셜 네트워크,2010,드라마,7.4,"제시 아이젠버그, 앤드류 가필드, 아미 해머, 저스틴 팀버레이크, 루니 마라",O
프리즈너스,2013,"드라마, 스릴러, 범죄",8.106,"휴 잭맨, 제이크 질렌할, 비올라 데이비스, 마리아 벨로, 테렌스 하워드",X
스카페이스,1983,"액션, 범죄, 드라마",8.155,"알 파치노, 스티븐 바우어, 미셸 파이퍼, 메리 엘리자베스 매스트란토니오, Robert Loggia",X
주먹왕 랄프,2012,"가족, 애니메이션, 코미디, 모험",7.36,"존 C. 라일리, 세라 실버먼, 잭 맥브레이어, 제인 린치, 앨런 튜딕",O
아메리칸 뷰티,1999,드라마,7.998,"케빈 스페이시, 아네트 베닝, 소라 버치, 웨스 벤틀리, 미나 수바리",X
위대한 개츠비,2013,"드라마, 로맨스",7.35,"레오나르도 디카프리오, 토비 맥과이어, 캐리 멀리건, 조엘 에저튼, 엘리자베스 데비키",O
퓨리,2014,"전쟁, 드라마, 액션",7.547,"브래드 피트, 샤이아 라보프, 로건 러먼, 마이클 페냐, 존 번설",X
그린 북,2018,"드라마, 코미디, 역사",8.226,"비고 모텐슨, 마허샬라 알리, 린다 카델리니, Sebastian Maniscalco, Dimiter D. Marinov",X
식스 센스,1999,"미스터리, 스릴러, 드라마",7.954,"브루스 윌리스, 헤일리 조엘 오스먼트, 토니 콜렛, 올리비아 윌리엄스, Trevor Morgan",O
셰이프 오브 워터: 사랑의 모양,2017,"드라마, 판타지, 로맨스",7.236,"샐리 호킨스, 마이클 섀넌, 리처드 젠킨스, 옥타비아 스펜서, 마이클 스툴바그",X
캐리비안의 해적: 죽은 자는 말이 없다,2017,"모험, 액션, 판타지",6.7,"조니 뎁, 하비에르 바르뎀, 제프리 러쉬, 브렌튼 스웨이츠, 카야 스코델라리오",X
쥬라기 월드: 폴른 킹덤,2018,"모험, SF, 스릴러",6.53,"크리스 프랫, 브라이스 댈러스 하워드, 레이프 스폴, 저스티스 스미스, 다니엘라 피네다",O
혹성탈출: 진화의 시작,2011,"스릴러, 액션, 드라마, SF",7.345,"앤디 서키스, 제임스 프랭코, 프리다 핀토, 존 리스고, 브라이언 콕스",O
2012,2009,"액션, 모험, SF",5.885,"존 쿠삭, 아만다 피트, 치웨텔 에지오포, 탠디 뉴턴, 올리버 플랫",X
컨저링,2013,"공포, 스릴러",7.541,"베라 파미가, 패트릭 윌슨, 릴리 테일러, 론 리빙스턴, Hayley McFarland",O
콜 미 바이 유어 네임,2017,"로맨스, 드라마",8.089,"티모시 샬라메, 아미 해머, 마이클 스툴바그, 아미라 카사르, 에스테르 가렐",X
인크레더블 헐크,2008,"SF, 액션, 모험",6.244,"에드워드 노튼, 리브 타일러, 팀 로스, 윌리엄 허트, 팀 블레이크 넬슨",X
"아이, 로봇",2004,"액션, SF",6.967,"윌 스미스, Bridget Moynahan, 앨런 튜딕, 제임스 크롬웰, 브루스 그린우드",X
쿵푸팬더,2008,"액션, 애니메이션, 코미디, 가족",7.328,"잭 블랙, 더스틴 호프만, 안젤리나 졸리, 이언 맥셰인, 세스 로건",X
도리를 찾아서,2016,"모험, 애니메이션, 가족",7.042,"앨버트 브룩스, 엘런 디제너러스, 에드 오닐, Hayden Rolence, 다이앤 키튼",O
죽은 시인의 사회,1989,드라마,8.299,"로빈 윌리엄스, Robert Sean Leonard, 에단 호크, 조쉬 찰스, Gale Hansen",O
실버라이닝 플레이북,2012,"드라마, 코미디, 로맨스",7.153,"브래들리 쿠퍼, 제니퍼 로렌스, 로버트 드 니로, 재키 위버, Anupam Kher",X
2001 스페이스 오디세이,1968,"SF, 미스터리, 모험",8.05,"Keir Dullea, Gary Lockwood, William Sylvester, Douglas Rain, Daniel Richter",X
너의 이름은.,2016,"애니메이션, 로맨스, 드라마",8.481,"카미키 류노스케, 카미시라이시 모네, 나리타 료, 유우키 아오이, 시마자키 노부나가",O
아메리칸 히스토리 X,1998,드라마,8.327,"에드워드 노튼, 에드워드 펄롱, Beverly D'Angelo, Jennifer Lien, Ethan Suplee",O
오션스 일레븐,2001,"스릴러, 범죄",7.462,"조지 클루니, 브래드 피트, 앤디 가르시아, 맷 데이먼, 줄리아 로버츠",O
노트북,2004,"로맨스, 드라마",7.889,"라이언 고슬링, 레이첼 맥아담스, 지나 롤랜즈, 제임스 가너, 조앤 앨런",O
나 홀로 집에,1990,"코미디, 가족",7.467,"맥컬리 컬킨, 조 페시, 다니엘 스턴, John Heard, Roberts Blossom",O
라푼젤,2010,"애니메이션, 가족, 모험",7.614,"맨디 무어, 재커리 레비, 도나 머피, 론 펄먼, M.C. 게이니",O
아멜리에,2001,"코미디, 로맨스",7.919,"오드리 토투, 마티외 카소비츠, Rufus, Serge Merlin, Jamel Debbouze",O
킥 애스: 영웅의 탄생,2010,"액션, 범죄",7.123,"에런 테일러존슨, 클로이 그레이스 모레츠, 니콜라스 케이지, 린지 폰세카, 마크 스트롱",X
그레이의 50가지 그림자,2015,"드라마, 로맨스, 스릴러",5.9,"다코타 존슨, 제이미 도넌, 제니퍼 엘, 엘로이즈 멈퍼드, Victor Rasuk",O
아메리칸 사이코,2000,"스릴러, 드라마, 범죄",7.4,"크리스찬 베일, 저스틴 서로, 조시 루커스, Bill Sage, 클로이 세비니",O
다이 하드,1988,"액션, 스릴러",7.813,"브루스 윌리스, 앨런 릭먼, Александр Годунов, 보니 베델리아, Reginald VelJohnson",X
캐스트 어웨이,2000,"모험, 드라마",7.663,"톰 행크스, 헬렌 헌트, Nick Searcy, Jenifer Lewis, Geoffrey Blake",X
트랜스포머,2007,"모험, SF, 액션",6.838,"샤이아 라보프, 메간 폭스, Mark Ryan, Peter Cullen, 휴고 위빙",X
혹성탈출: 반격의 서막,2014,"SF, 액션, 드라마, 스릴러",7.339,"앤디 서키스, 제이슨 클라크, 토비 케블, 게리 올드만, 케리 러셀",O
스타 이즈 본,2018,"음악, 드라마, 로맨스",7.492,"레이디 가가, 브래들리 쿠퍼, 샘 엘리엇, Andrew Dice Clay, 래피 게이브런",X
위대한 레보스키,1998,"코미디, 범죄",7.837,"제프 브리지스, 존 굿맨, 줄리앤 무어, 스티브 부세미, David Huddleston",O
엑스맨,2000,"모험, 액션, SF",7.017,"휴 잭맨, 패트릭 스튜어트, 이안 맥켈런, 팜케 얀센, 제임스 마스던",X
인 타임,2011,"액션, 스릴러, SF",6.971,"아만다 사이프리드, 저스틴 팀버레이크, 킬리언 머피, Vincent Kartheiser, 올리비아 와일드",O
테이큰,2008,"액션, 스릴러",7.407,"리암 니슨, 매기 그레이스, 팜케 얀센, Olivier Rabourdin, Katie Cassidy",X
더 배트맨,2022,"범죄, 미스터리, 스릴러",7.663,"로버트 패틴슨, 조이 크래비츠, 제프리 라이트, 콜린 파렐, 폴 다노",X
알라딘,1992,"애니메이션, 가족, 모험, 판타지, 로맨스",7.655,"Scott Weinger, 로빈 윌리엄스, Linda Larkin, Jonathan Freeman, Gilbert Gottfried",O
이티,1982,"모험, SF, 가족",7.5,"헨리 토마스, 드류 배리모어, 로버트 맥노턴, 피터 코요테, 디 월리스",O
노예 12년,2013,"드라마, 역사",7.931,"치웨텔 에지오포, 마이클 패스벤더, 루피타 뇽오, 베네딕트 컴버배치, 폴 다노",X
매트릭스 2: 리로디드,2003,"모험, 액션, 스릴러, SF",7.08,"키아누 리브스, 로렌스 피시번, 캐리 앤 모스, 휴고 위빙, 제이다 핀켓 스미스",X
슈퍼배드 2,2013,"애니메이션, 코미디, 가족, SF",6.945,"스티브 카렐, 크리스틴 위그, 벤저민 브랫, 미란다 코스그로브, Dana Gaier",O
오펜하이머,2023,"드라마, 역사",8.025,"킬리언 머피, 에밀리 블런트, 맷 데이먼, 로버트 다우니 주니어, 플로렌스 퓨",X
제5원소,1997,"SF, 액션, 모험",7.585,"브루스 윌리스, 밀라 요보비치, 게리 올드만, 이안 홈, 크리스 터커",O
존 윅 3: 파라벨룸,2019,"액션, 스릴러, 범죄",7.44,"키아누 리브스, 할리 베리, 이언 맥셰인, 로렌스 피시번, 마크 다카스코스",O
나이트 크롤러,2014,"범죄, 드라마, 스릴러",7.708,"제이크 질렌할, 르네 루소, 리즈 아메드, 빌 팩스턴, Kevin Rahm",X
마다가스카,2005,"모험, 애니메이션, 코미디, 가족",6.925,"벤 스틸러, 크리스 락, 데이빗 쉼머, 제이다 핀켓 스미스, 사샤 바론 코헨",X
007 카지노 로얄,2006,"모험, 액션, 스릴러",7.573,"다니엘 크레이그, 에바 그린, 매즈 미켈슨, 주디 덴치, 제프리 라이트",X
나우 유 씨 미 2,2016,"범죄, 스릴러",6.827,"제시 아이젠버그, 마크 러팔로, 우디 해럴슨, 데이브 프랭코, 다니엘 래드클리프",O
조디악,2007,"범죄, 미스터리, 스릴러",7.532,"제이크 질렌할, 마크 러팔로, 안소니 에드워즈, 로버트 다우니 주니어, 클로이 세비니",X
그랜 토리노,2008,드라마,7.99,"클린트 이스트우드, Christopher Carley, Bee Vang, Ahney Her, Brian Haley",O
죠스,1975,"공포, 스릴러, 모험",7.684,"로이 슈나이더, Robert Shaw, 리처드 드라이퍼스, Lorraine Gary, Murray Hamilton",X
"안녕, 헤이즐",2014,"로맨스, 드라마",7.592,"쉐일린 우들리, 안셀 엘고트, 냇 울프, 로라 던, Sam Trammell",X
빽 투 더 퓨쳐 3,1990,"모험, 코미디, SF",7.494,"마이클 J. 폭스, 크리스토퍼 로이드, 메리 스틴버겐, 토머스 F. 윌슨, 리 톰슨",O
오블리비언,2013,"액션, SF, 모험, 미스터리",6.684,"톰 크루즈, 모건 프리먼, 올가 쿠릴렌코, 안드레아 라이즈보로, 니콜라이 코스테르발다우",X
"나니아 연대기: 사자, 마녀 그리고 옷장",2005,"모험, 가족, 판타지",7.139,"윌리엄 모즐리, 애나 포플웰, 스캔더 케인스, 조지 헨리, 리암 니슨",O
브루스 올마이티,2003,"판타지, 코미디",6.728,"짐 캐리, 모건 프리먼, 제니퍼 애니스턴, 필립 베이커 홀, Catherine Bell",O
풀 메탈 자켓,1987,"드라마, 전쟁",8.117,"매슈 모딘, 애덤 볼드윈, 빈센트 도노프리오, R. 리 이메이, 도리안 헤어우드",O
리미트리스,2011,"스릴러, 미스터리, SF",7.202,"브래들리 쿠퍼, 로버트 드 니로, 에비 코니쉬, 앤드루 하워드, 애나 프리얼",X
뻐꾸기 둥지 위로 날아간 새,1975,드라마,8.411,"잭 니콜슨, Brad Dourif, 루이즈 플레쳐, 대니 드비토, William Redfield",X
판의 미로: 오필리아와 세개의 열쇠,2006,"판타지, 드라마, 전쟁",7.765,"이바나 바케로, 세르지 로페스, 마리벨 베르두, 더그 존스, 아드리아나 길",O
신비한 동물들과 그린델왈드의 범죄,2018,"판타지, 모험",6.834,"에디 레드메인, 캐서린 워터스톤, Dan Fogler, 앨리슨 수돌, 조니 뎁",O
소울,2020,"애니메이션, 가족, 드라마, 음악, 판타지",8.091,"제이미 폭스, 티나 페이, 그레이엄 노튼, 레이첼 하우스, 앨리스 브라가",X
유주얼 서스펙트,1995,"드라마, 범죄, 스릴러",8.167,"Stephen Baldwin, 가브리엘 번, 베니시오 델 토로, 케빈 폴락, 케빈 스페이시",X
슬럼독 밀리어네어,2008,"드라마, 로맨스",7.73,"데브 파텔, 프리다 핀토, Madhur Mittal, 아닐 카푸르, Mahesh Manjrekar",X
몬스터 대학교,2013,"애니메이션, 가족, 코미디, 판타지",7.053,"빌리 크리스탈, 존 굿맨, 스티브 부세미, 헬렌 미렌, 피터 손",O
쥬만지,1995,"모험, 판타지, 가족",7.248,"로빈 윌리엄스, 커스틴 던스트, Bradley Pierce, 보니 헌트, 조나단 하이드",X
마스크,1994,"코미디, 판타지, 범죄, 로맨스",6.992,"짐 캐리, Peter Riegert, 피터 그린, Amy Yasbeck, Richard Jeni",X
분노의 질주: 더 세븐,2015,"액션, 범죄, 스릴러",7.2,"빈 디젤, 폴 워커, 드웨인 존슨, 미셸 로드리게즈, 타이리스 깁슨",O
행오버 2,2011,코미디,6.51,"브래들리 쿠퍼, 에드 헬름스, 잭 갤리퍼내키스, Justin Bartha, Mason Lee",O
블랙 위도우,2021,"액션, 모험, SF",7.166,"스칼렛 요한슨, 플로렌스 퓨, 레이첼 와이즈, 데이비드 하버, 레이 윈스턴",X
엑스맨 탄생: 울버린,2009,"모험, 액션, SF",6.3,"휴 잭맨, 리에브 슈라이버, 대니 휴스턴, 린 콜린스, 케빈 듀랜드",O
007 스펙터,2015,"액션, 모험, 스릴러",6.57,"다니엘 크레이그, 크리스토프 발츠, 레아 세이두, 랄프 파인즈, 모니카 벨루치",X
미스터 & 미세스 스미스,2005,"액션, 코미디, 드라마, 스릴러",6.695,"안젤리나 졸리, 브래드 피트, 빈스 본, 애덤 브로디, 케리 워싱턴",X
월플라워,2012,드라마,7.8,"로건 러먼, 엠마 왓슨, 에즈라 밀러, 메이 휘트먼, 케이트 월시",O
분노의 질주: 더 맥시멈,2013,"액션, 스릴러, 범죄",6.817,"빈 디젤, 폴 워커, 드웨인 존슨, 조다나 브루스터, 미셸 로드리게즈",X
베놈 2: 렛 데어 비 카니지,2021,"SF, 액션, 모험",6.7,"톰 하디, 우디 해럴슨, 미셸 윌리엄스, 나오미 해리스, 리드 스콧",X
바비,2023,"코미디, 모험, 판타지",6.918,"마고 로비, 라이언 고슬링, 아메리카 페레라, 아리아나 그린블랫, 이사 레이",X
테넷,2020,"액션, 스릴러, SF",7.2,"존 데이비드 워싱턴, 로버트 패틴슨, 엘리자베스 데비키, 케네스 브래너, Dimple Kapadia",O
콩: 스컬 아일랜드,2017,"액션, 모험, 판타지",6.555,"톰 히들스턴, 사무엘 L. 잭슨, 존 굿맨, 브리 라슨, 경첨",O
킹스맨: 골든 서클,2017,"액션, 모험, 코미디, 범죄, SF",6.9,"태런 에저턴, 콜린 퍼스, 줄리앤 무어, 마크 스트롱, 한나 알스트룀",O
브레이브하트,1995,"액션, 드라마, 역사, 전쟁",7.945,"멜 깁슨, 캐서린 맥코맥, 소피 마르소, Patrick McGoohan, Angus Macfadyen",O
하울의 움직이는 성,2004,"판타지, 애니메이션, 모험",8.388,"바이쇼 치에코, 기무라 타쿠야, 미와 아키히로, 가슈인 타츠야, 카미키 류노스케",X
사랑에 대한 모든 것,2014,"드라마, 로맨스",7.83,"에디 레드메인, 펠리시티 존스, 찰리 콕스, 에밀리 왓슨, 사이먼 맥버니",X
뷰티풀 마인드,2001,"드라마, 로맨스",7.855,"러셀 크로우, 제니퍼 코넬리, 에드 해리스, 폴 베타니, 크리스토퍼 플러머",O
미니언즈,2015,"가족, 애니메이션, 모험, 코미디",6.42,"산드라 블록, 존 햄, 마이클 키튼, 앨리슨 제니, 스티브 쿠건",X
인디아나 존스: 최후의 성전,1989,"모험, 액션",7.853,"해리슨 포드, 숀 코너리, Denholm Elliott, Alison Doody, 존 라이스 데이비스",O
트로이,2004,"전쟁, 액션, 역사",7.178,"브래드 피트, 올랜도 블룸, 에릭 배너, 브라이언 콕스, 숀 빈",X
탑건: 매버릭,2022,"액션, 드라마",8.2,"톰 크루즈, 마일스 텔러, 제니퍼 코넬리, 바시르 살라후딘, 존 햄",X
500일의 썸머,2009,"코미디, 드라마, 로맨스",7.303,"조셉 고든레빗, 주이 디샤넬, Geoffrey Arend, 클로이 그레이스 모레츠, Matthew Gray Gubler",O
메이즈 러너: 스코치 트라이얼,2015,"SF, 액션, 스릴러, 모험",6.73,"딜런 오브라이언, 카야 스코델라리오, 토머스 브로디생스터, 지안카를로 에스포지토, 이기홍",O
21 점프 스트리트,2012,"액션, 코미디, 범죄",6.887,"조나 힐, 채닝 테이텀, 브리 라슨, 데이브 프랭코, Rob Riggle",X
레퀴엠,2000,"범죄, 드라마",8.011,"앨런 버스틴, 자레드 레토, 제니퍼 코넬리, 말런 웨이언스, 크리스토퍼 맥도널드",O
싸이코,1960,"공포, 스릴러, 미스터리",8.413,"안소니 퍼킨스, 자넷 리, 베라 마일스, John Gavin, 마틴 발삼",X
맨 인 블랙 3,2012,"액션, 코미디, SF",6.546,"윌 스미스, 토미 리 존스, 조쉬 브롤린, 저메인 클레멘트, 엠마 톰슨",O
박물관이 살아있다!,2006,"판타지, 가족, 코미디",6.6,"벤 스틸러, 칼라 구지노, 딕 밴 다이크, 미키 루니, 빌 콥스",O
셜록 홈즈: 그림자 게임,2011,"액션, 모험, 미스터리, 범죄",7.145,"로버트 다우니 주니어, 주드 로, 누미 라파스, 자레드 해리스, 레이첼 맥아담스",O
루퍼,2012,"액션, 스릴러, SF",6.911,"조셉 고든레빗, 브루스 윌리스, 에밀리 블런트, 폴 다노, 노아 시건",X
쓰리 빌보드,2017,"범죄, 드라마",8.1,"프랜시스 맥도맨드, 우디 해럴슨, 샘 록웰, 에비 코니쉬, 루카스 헤지스",O
엑스맨  2,2003,"모험, 액션, SF",7.04,"휴 잭맨, 패트릭 스튜어트, 이안 맥켈런, 제임스 마스던, 브라이언 콕스",X
에이리언 2,1986,"액션, 스릴러, SF",7.965,"시고니 위버, Carrie Henn, 마이클 빈, 폴 라이저, 랜스 헨릭슨",X
스타워즈 에피소드 9: 라이즈 오브 스카이워커,2019,"모험, 액션, SF",6.264,"캐리 피셔, 마크 해밀, 데이지 리들리, 애덤 드라이버, 존 보예가",O
잭 스나이더의 저스티스 리그,2021,"액션, 모험, 판타지",8.087,"벤 애플렉, 헨리 카빌, 갤 가돗, 레이 피셔, 제이슨 모모아",O
분노의 질주,2001,"액션, 범죄, 스릴러",7.01,"폴 워커, 빈 디젤, 미셸 로드리게즈, 조다나 브루스터, 릭 윤",X
매트릭스 3: 레볼루션,2003,"모험, 액션, 스릴러, SF",6.755,"키아누 리브스, 로렌스 피시번, 캐리 앤 모스, 휴고 위빙, 제이다 핀켓 스미스",O
슈퍼 마리오 브라더스,2023,"가족, 코미디, 모험, 판타지, 애니메이션",7.603,"크리스 프랫, 안야 테일러조이, 찰리 데이, 잭 블랙, 키건마이클 키",O
버즈 오브 프레이: 할리 퀸의 황홀한 해방,2020,"액션, 범죄",6.873,"마고 로비, 로지 페레즈, 메리 엘리자베스 윈스테드, 저니 스몰렛, 이완 맥그리거",O
분노의 질주: 더 익스트림,2017,"액션, 범죄, 스릴러",6.853,"빈 디젤, 제이슨 스타뎀, 드웨인 존슨, 미셸 로드리게즈, 타이리스 깁슨",O
미션 임파서블: 고스트 프로토콜,2011,"액션, 스릴러, 모험",7.115,"톰 크루즈, 폴라 패튼, 사이먼 페그, 제레미 레너, 미카엘 니크비스트",O
라이온 킹,2019,"모험, 드라마, 가족, 애니메이션",7.096,"치웨텔 에지오포, 존 올리버, 도널드 글로버, 제임스 얼 존스, 존 카니",O
미녀와 야수,1991,"로맨스, 가족, 애니메이션, 판타지",7.727,"Paige O'Hara, Robby Benson, Richard White, Jerry Orbach, David Ogden Stiers",O
맨 인 블랙 2,2002,"액션, 코미디, SF",6.388,"토미 리 존스, 윌 스미스, Rip Torn, Lara Flynn Boyle, 조니 녹스빌",X
토이 스토리 4,2019,"가족, 코미디, 애니메이션, 모험",7.5,"톰 행크스, 팀 앨런, 애니 포츠, 토니 헤일, 키건마이클 키",X
고질라 VS. 콩,2021,"액션, SF, 모험",7.534,"알렉산더 스카스가드, 레베카 홀, 케이리 호틀, 브라이언 타이리 헨리, 밀리 바비 브라운",O
나 홀로 집에 2: 뉴욕을 헤매다,1992,"코미디, 가족, 모험",6.789,"맥컬리 컬킨, 조 페시, 다니엘 스턴, 캐서린 오하라, John Heard",O
알라딘,2019,"모험, 판타지, 로맨스, 가족",7.083,"윌 스미스, 메나 마수드, 나오미 스콧, Marwan Kenzari, 나비드 네가반",O
행복을 찾아서,2006,드라마,7.888,"윌 스미스, 제이든 스미스, 탠디 뉴턴, 브라이언 하우, James Karen",O
버드 박스,2018,"공포, 스릴러, 드라마",6.823,"산드라 블록, Trevante Rhodes, 존 말코비치, 사라 폴슨, 재키 위버",X
오리엔트 특급 살인,2017,"미스터리, 드라마, 범죄",6.707,"케네스 브래너, 톰 베이트먼, 미셸 파이퍼, 조니 뎁, 조시 게드",O
스타 트렉: 더 비기닝,2009,"SF, 액션, 모험",7.434,"크리스 파인, 재커리 퀸토, 레너드 니모이, 에릭 배너, 브루스 그린우드",X
미스 페레그린과 이상한 아이들의 집,2016,"모험, 판타지",6.8,"에바 그린, 에이사 버터필드, 사무엘 L. 잭슨, 주디 덴치, 루퍼트 에버렛",O
인디펜던스 데이,1996,"액션, 모험, SF",6.916,"윌 스미스, 빌 풀먼, 제프 골드블룸, 메리 맥도널, Judd Hirsch",X
드래곤 길들이기 2,2014,"판타지, 액션, 모험, 애니메이션, 가족",7.685,"제이 바루첼, 케이트 블란쳇, 제라드 버틀러, Craig Ferguson, 아메리카 페레라",O
뮬란,1998,"애니메이션, 가족, 모험",7.904,"밍나 원, 에디 머피, BD 웡, 미겔 페러, Harvey Fierstein",X
히든 피겨스,2016,"드라마, 역사",8.045,"타라지 P. 헨슨, 옥타비아 스펜서, 자넬 모네, 케빈 코스트너, 커스틴 던스트",X
설국열차,2013,"액션, SF, 드라마",6.908,"크리스 에반스, 송강호, 에드 해리스, 존 허트, 틸다 스윈튼",O
인서전트,2015,"액션, SF, 스릴러",6.36,"쉐일린 우들리, 테오 제임스, 마일스 텔러, 케이트 윈슬렛, 안셀 엘고트",X
조조 래빗,2019,"코미디, 전쟁, 드라마",7.981,"로먼 그리핀 데이비스, 토마신 맥켄지, 스칼렛 요한슨, 타이카 와이티티, 샘 록웰",O
샹치와 텐 링즈의 전설,2021,"액션, 모험, 판타지",7.494,"시무 리우, 양조위, 아콰피나, 벤 킹슬리, 장멍얼",O
트레인스포팅,1996,"드라마, 범죄",8.0,"이완 맥그리거, 이완 브렘너, 조니 리 밀러, 케빈 맥키드, 로버트 칼라일",X
엑스맨: 최후의 전쟁,2006,"모험, 액션, SF",6.423,"휴 잭맨, 할리 베리, 이안 맥켈런, 패트릭 스튜어트, 팜케 얀센",O
닥터 스트레인지: 대혼돈의 멀티버스,2022,"판타지, 액션, 모험",7.2,"베네딕트 컴버배치, 소치틀 고메즈, 엘리자베스 올슨, 치웨텔 에지오포, 베네딕트 웡",O
수퍼 소닉,2020,"액션, SF, 코미디, 가족",7.281,"벤 슈와츠, 제임스 마스던, 티카 섬프터, 짐 캐리, 나타샤 로스웰",X
디스트릭트 9,2009,SF,7.474,"샬토 코플리, Jason Cope, Nathalie Boltt, Sylvaine Strike, Elizabeth Mkandawie",O
밀리언 달러 베이비,2004,드라마,7.953,"클린트 이스트우드, 힐러리 스웽크, 모건 프리먼, 제이 바루첼, 마이크 콜터",O
팀 버튼의 크리스마스 악몽,1993,"판타지, 애니메이션, 가족",7.834,"대니 엘프먼, Chris Sarandon, 캐서린 오하라, William Hickey, 글렌 셰딕스",X
아이스 에이지 2,2006,"애니메이션, 가족, 코미디, 모험",6.723,"레이 로마노, 존 레귀자모, 데니스 리어리, 퀸 라티파, 숀 윌리엄 스콧",X
더 울버린,2013,"액션, SF, 모험",6.436,"휴 잭맨, 사나다 히로유키, 오카모토 타오, 후쿠시마 리라, 팜케 얀센",X
겨울왕국 2,2019,"가족, 애니메이션, 모험, 코미디, 판타지",7.228,"이디나 멘젤, 크리스틴 벨, 조시 게드, 조나단 그로프, 에반 레이첼 우드",O
핸콕,2008,"판타지, 액션",6.358,"윌 스미스, 샤를리즈 테론, 제이슨 베이트먼, Jae Head, 에디 마산",X
엔칸토: 마법의 세계,2021,"애니메이션, 코미디, 가족, 판타지",7.567,"스테파니 베아트리스, María Cecilia Botero, 존 레귀자모, Diane Guerrero, Jess Darrow",O
샤잠!,2019,"액션, 코미디, 판타지",6.976,"재커리 레비, 마크 스트롱, 애셔 엔젤, 잭 딜런 그레이저, 애덤 브로디",X
유령 신부,2005,"로맨스, 판타지, 애니메이션",7.592,"조니 뎁, 헬레나 본햄 카터, 에밀리 왓슨, 트레이시 울만, Paul Whitehouse",O
피아니스트,2002,"드라마, 전쟁",8.373,"에이드리언 브로디, 토마스 크레치만, Frank Finlay, Maureen Lipman, Emilia Fox",X
인투 더 와일드,2007,"모험, 드라마",7.795,"에밀 허쉬, 마시아 그레이 하든, 윌리엄 허트, 제나 말론, Brian H. Dierker",X
인디아나 존스: 마궁의 사원,1984,"모험, 액션",7.31,"해리슨 포드, 케이트 캡쇼, 키호이콴, Amrish Puri, Roshan Seth",O
본 아이덴티티,2002,"액션, 미스터리, 스릴러",7.48,"맷 데이먼, 프란카 포텐테, 크리스 쿠퍼, 클라이브 오웬, 브라이언 콕스",X
쏘우,2004,"공포, 미스터리, 범죄",7.423,"토빈 벨, 케리 엘위스, Leigh Whannell, 대니 글로버, Monica Potter",X
크루엘라,2021,"코미디, 범죄, 드라마",8.0,"엠마 스톤, 엠마 톰슨, Joel Fry, 폴 월터 하우저, John McCrea",X
다빈치 코드,2006,"스릴러, 미스터리",6.731,"톰 행크스, 오드리 토투, 이안 맥켈런, 장 르노, 폴 베타니",O
미이라,1999,"모험, 액션, 판타지",6.985,"브랜든 프레이저, 레이첼 와이즈, 존 해나, 아널드 보슬루, 패트리시아 벨라스퀘즈",X
알리타: 배틀 엔젤,2019,"액션, SF, 모험",7.262,"로사 살라자르, 크리스토프 발츠, 제니퍼 코넬리, 마허샬라 알리, 에드 스크레인",O
12명의 성난 사람들,1957,드라마,8.565,"마틴 발삼, John Fiedler, 리 J. 콥, E.G. Marshall, Jack Klugman",O
위대한 쇼맨,2017,드라마,7.858,"휴 잭맨, 잭 에프론, 미셸 윌리엄스, 레베카 퍼거슨, 젠데이아",O
왓치맨,2009,"미스터리, 액션, SF",7.356,"말린 애커만, 패트릭 윌슨, 빌리 크루덥, 매튜 구드, 재키 얼 헤일리",O
스내치,2000,"범죄, 코미디",7.826,"제이슨 스타뎀, Alan Ford, 스티븐 그레이엄, 브래드 피트, 데니스 파리나",X
미션 임파서블,1996,"모험, 액션, 스릴러",7.024,"톰 크루즈, 존 보이트, 엠마누엘 베아르, 헨리 처니, 장 르노",X
판타스틱 4,2005,"액션, 판타지, SF",5.808,"요안 그리피드, 제시카 알바, 크리스 에반스, 마이클 치클리스, 줄리언 맥마흔",X
더 이퀄라이저,2014,"스릴러, 액션, 범죄",7.291,"덴젤 워싱턴, 마튼 초카스, 클로이 그레이스 모레츠, 데이비드 하버, 헤일리 베넷",X
언브레이커블,2000,"스릴러, 드라마, 미스터리",7.1,"브루스 윌리스, 사무엘 L. 잭슨, 로빈 라이트, Spencer Treat Clark, Charlayne Woodard",X
올드보이,2003,"스릴러, 미스터리",8.235,"최민식, 유지태, 강혜정, 김병옥, 지대한",X
프리 가이,2021,"코미디, 모험, SF",7.452,"라이언 레이놀즈, 조디 코머, 릴 렐 하워리, 조 키어리, Utkarsh Ambudkar",O
빅쇼트,2015,"코미디, 드라마",7.367,"스티브 카렐, 크리스찬 베일, 라이언 고슬링, 브래드 피트, 마리사 토메이",X
고질라,2014,"액션, 드라마, SF",6.363,"에런 테일러존슨, 엘리자베스 올슨, 쥘리에트 비노쉬, 브라이언 크랜스턴, 와타나베 켄",X
슈렉 3,2007,"판타지, 모험, 애니메이션, 코미디, 가족",6.311,"마이크 마이어스, 에디 머피, 카메론 디아즈, 안토니오 반데라스, 줄리 앤드류스",O
고스트버스터즈,1984,"코미디, 판타지",7.498,"빌 머레이, 댄 애크로이드, 시고니 위버, 해롤드 래미스, 릭 모라니스",O
뉴 문,2009,"모험, 판타지, 드라마, 로맨스",5.989,"크리스틴 스튜어트, 로버트 패틴슨, 테일러 로트너, 다코타 패닝, 마이클 쉰",O
벅스 라이프,1998,"모험, 애니메이션, 코미디, 가족",6.981,"Dave Foley, 케빈 스페이시, 줄리아 루이드레이퍼스, 헤이든 파네티어, Phyllis Diller",O
혹성탈출: 종의 전쟁,2017,"드라마, SF, 전쟁",7.22,"앤디 서키스, 우디 해럴슨, 케린 코너벌, Terry Notary, 스티브 잔",O
미션 임파서블: 로그네이션,2015,"액션, 모험",7.226,"톰 크루즈, 제레미 레너, 사이먼 페그, 레베카 퍼거슨, 빙 레임스",O
석양의 무법자,1966,서부,8.467,"클린트 이스트우드, 일라이 월릭, 리 밴클리프, Aldo Giuffrè, Luigi Pistilli",O
룸,2015,"드라마, 스릴러",7.993,"브리 라슨, 제이컵 트람블레이, 조앤 앨런, Sean Bridgers, Tom McCamus",X
스타 트렉: 다크니스,2013,"액션, 모험, SF",7.324,"크리스 파인, 재커리 퀸토, 조 샐다나, 베네딕트 컴버배치, 칼 어번",X
마이너리티 리포트,2002,"SF, 액션, 스릴러",7.355,"톰 크루즈, 콜린 파렐, 사만다 모튼, 막스 폰 시도우, Lois Smith",X
그것: 두 번째 이야기,2019,"공포, 스릴러, 드라마",6.838,"제시카 차스테인, 제임스 맥어보이, 빌 헤이더, 아이제이아 무스타파, Jay Ryan",O
더 수어사이드 스쿼드,2021,"액션, 코미디, 모험",7.459,"마고 로비, 이드리스 엘바, 존 시나, 조엘 킨나만, 실베스터 스탤론",X
탑건,1986,"액션, 드라마, 로맨스",7.07,"톰 크루즈, 켈리 맥길리스, 발 킬머, 안소니 에드워즈, 톰 스커릿",O
시카리오:  암살자의 도시,2015,"액션, 범죄, 스릴러",7.421,"에밀리 블런트, 베니시오 델 토로, 조쉬 브롤린, 빅터 가버, 존 번설",X
엘리시움,2013,"SF, 액션, 드라마, 스릴러",6.524,"맷 데이먼, 조디 포스터, 샬토 코플리, 디에고 루나, 바그네르 모라",X
365일,2020,"로맨스, 드라마, 범죄",6.992,"Anna-Maria Sieklucka, 미켈레 모로네, Bronisław Wrocławski, Otar Saralidze, Magdalena Lamparska",X
퀸카로 살아남는 법,2004,"드라마, 코미디",7.228,"린제이 로한, 레이첼 맥아담스, 리지 캐플런, 레이시 셔베어, 아만다 사이프리드",O
우리는 밀러 가족,2013,"코미디, 범죄",6.843,"제니퍼 애니스턴, 제이슨 수데이키스, 엠마 로버츠, 윌 폴터, 에드 헬름스",O
에이리언: 커버넌트,2017,"공포, SF",6.178,"마이클 패스벤더, 캐서린 워터스톤, 빌리 크루덥, 대니 맥브라이드, 데미안 비치르",O
쥬만지: 넥스트 레벨,2019,"모험, 코미디, 판타지",6.874,"드웨인 존슨, 케빈 하트, 잭 블랙, 카렌 길런, 아콰피나",X
서던 리치: 소멸의 땅,2018,"SF, 공포",6.443,"나탈리 포트만, 제니퍼 제이슨 리, 지나 로드리게즈, 테사 톰슨, Tuva Novotny",X
돈 룩 업,2021,"코미디, SF, 드라마",7.062,"레오나르도 디카프리오, 제니퍼 로렌스, 메릴 스트립, 케이트 블란쳇, 롭 모건",O
새벽의 황당한 저주,2004,"공포, 코미디",7.5,"사이먼 페그, 닉 프로스트, 케이트 애쉬필드, 루시 데이비스, Dylan Moran",O
브레이킹 던 Part 2,2012,"판타지, 드라마, 로맨스",6.5,"크리스틴 스튜어트, 로버트 패틴슨, 테일러 로트너, 피터 패치넬리, 엘리자베스 리서",O
킹스 스피치,2010,"드라마, 역사",7.734,"콜린 퍼스, 제프리 러쉬, 헬레나 본햄 카터, 가이 피어스, 티모시 스폴",O
크레이지 스투피드 러브,2011,"코미디, 드라마, 로맨스",7.274,"스티브 카렐, 라이언 고슬링, 줄리앤 무어, 엠마 스톤, 리오 팁턴",O
어바웃 타임,2013,"드라마, 로맨스, 판타지",7.907,"도널 글리슨, 레이첼 맥아담스, 빌 나이, 톰 홀랜더, 마고 로비",X
한 솔로: 스타워즈 스토리,2018,"SF, 모험, 액션",6.557,"올든 에런라이크, Joonas Suotamo, 우디 해럴슨, 에밀리아 클라크, 도널드 글로버",O
브레이킹 던 Part 1,2011,"모험, 판타지, 로맨스",6.188,"크리스틴 스튜어트, 로버트 패틴슨, 테일러 로트너, 빌리 버크, 피터 패치넬리",O
쥬라기 공원 2: 잃어버린 세계,1997,"모험, 액션, SF",6.567,"제프 골드블룸, 줄리앤 무어, 피트 포스틀스웨이트, 알리스 하워드, 리처드 애튼버러",O
행오버 3,2013,코미디,6.212,"브래들리 쿠퍼, 에드 헬름스, 잭 갤리퍼내키스, Justin Bartha, 켄 정",O
리얼 스틸,2011,"액션, SF, 드라마",7.117,"휴 잭맨, Dakota Goyo, 에반젤린 릴리, 케빈 듀랜드, 안소니 마키",X
이클립스,2010,"모험, 판타지, 드라마, 로맨스",6.192,"크리스틴 스튜어트, 로버트 패틴슨, 테일러 로트너, 브라이스 댈러스 하워드, 다코타 패닝",X
트리플 엑스 리턴즈,2017,"액션, 모험, 범죄",6.1,"빈 디젤, 견자단, 루비 로즈, 디피카 파두콘, 토니 콜렛",O
우주전쟁,2005,"모험, 스릴러, SF",6.553,"톰 크루즈, 다코타 패닝, 미란다 오토, Justin Chatwin, 팀 로빈스",O
컨저링 2,2016,공포,7.292,"베라 파미가, 패트릭 윌슨, Madison Wolfe, Frances O'Connor, Lauren Esposito",O
트랜스포머: 패자의 역습,2009,"SF, 액션, 모험",6.221,"샤이아 라보프, 메간 폭스, Peter Cullen, 휴고 위빙, 토니 토드",O
프레데터,1987,"SF, 액션, 모험, 스릴러",7.569,"아놀드 슈왈제네거, 칼 웨더스, Kevin Peter Hall, Elpidia Carrillo, Bill Duke",X
몬스터 호텔,2012,"애니메이션, 코미디, 가족, 판타지",6.967,"셀레나 고메즈, 애덤 샌들러, 앤디 샘버그, 케빈 제임스, 프랜 드레셔",X
이터널스,2021,"SF, 액션, 모험",6.77,"젬마 찬, 리차드 매든, 안젤리나 졸리, 셀마 헤이엑, 쿠마일 난지아니",X
미션 임파서블: 폴아웃,2018,"액션, 모험",7.5,"톰 크루즈, 헨리 카빌, 빙 레임스, 사이먼 페그, 레베카 퍼거슨",O
소스 코드,2011,"스릴러, SF, 미스터리",7.315,"제이크 질렌할, 미셸 모나한, 베라 파미가, 제프리 라이트, Michael Arden",O
12 몽키즈,1995,"SF, 스릴러, 미스터리",7.61,"브루스 윌리스, 매들린 스토우, 브래드 피트, 크리스토퍼 플러머, 데이비드 모스",O
지옥의 묵시록,1979,"드라마, 전쟁",8.3,"마틴 쉰, 말론 브란도, Frederic Forrest, Albert Hall, 로렌스 피시번",X
파고,1996,"범죄, 드라마, 스릴러",7.85,"프랜시스 맥도맨드, 윌리엄 H. 메이시, 스티브 부세미, 피터 스토메어, Harve Presnell",X
글래스,2019,"스릴러, 드라마, SF",6.7,"제임스 맥어보이, 브루스 윌리스, 사무엘 L. 잭슨, 사라 폴슨, 안야 테일러조이",X
달라스 바이어스 클럽,2013,"드라마, 역사",7.913,"매튜 매커너히, 제니퍼 가너, 자레드 레토, 데니스 오헤어, 스티브 잔",O
헬프,2011,드라마,8.204,"엠마 스톤, 비올라 데이비스, 브라이스 댈러스 하워드, 옥타비아 스펜서, 제시카 차스테인",O
원더 우먼 1984,2020,"액션, 모험, 판타지",6.364,"갤 가돗, 크리스 파인, 크리스틴 위그, 페드로 파스칼, 로빈 라이트",O
코렐라인: 비밀의 문,2009,"애니메이션, 가족, 판타지",7.9,"다코타 패닝, 테리 해처, 제니퍼 손더스, 돈 프렌치, 키스 데이비드",O
모노노케 히메,1997,"모험, 판타지, 애니메이션",8.32,"마츠다 요지, 이시다 유리코, 다나카 유코, 코바야시 카오루, 니시무라 마사히코",O
인디아나 존스: 크리스탈 해골의 왕국,2008,"모험, 액션",6.027,"해리슨 포드, 케이트 블란쳇, 캐런 앨런, 샤이아 라보프, 레이 윈스턴",O
포드 V 페라리,2019,"드라마, 역사, 액션",8.008,"맷 데이먼, 크리스찬 베일, 존 번설, 커트리나 밸프, 조시 루커스",O
샌 안드레아스,2015,"액션, 드라마, 스릴러",6.246,"드웨인 존슨, 알렉산드라 다다리오, 칼라 구지노, 요안 그리피드, 아치 판자비",X
레이디 버드,2017,"드라마, 코미디",7.25,"시얼샤 로넌, 로리 멧칼프, 트레이시 레츠, 루카스 헤지스, 티모시 샬라메",X
귀여운 여인,1990,"로맨스, 코미디",7.447,"리처드 기어, 줄리아 로버츠, Ralph Bellamy, 제이슨 알렉산더, 로라 샌 자코모",X
터미네이터 제니시스,2015,"SF, 액션, 스릴러",5.957,"에밀리아 클라크, 제이 코트니, 아놀드 슈왈제네거, 제이슨 클라크, 맷 스미스",X
아르고,2012,"드라마, 스릴러",7.286,"벤 애플렉, 브라이언 크랜스턴, 알란 아킨, 존 굿맨, 빅터 가버",X
트랜스포머 3 : 달의 어둠,2011,"액션, SF, 모험",6.235,"샤이아 라보프, 로지 헌팅턴 휘틀리, Peter Cullen, 레너드 니모이, 존 터투로",O
루카,2021,"애니메이션, 가족, 판타지, 드라마, 코미디",7.781,"제이컵 트람블레이, 잭 딜런 그레이저, Emma Berman, Saverio Raimondo, 마야 루돌프",X
내가 널 사랑할 수 없는 10가지 이유,1999,"코미디, 로맨스, 드라마",7.6,"히스 레저, 줄리아 스타일스, 조셉 고든레빗, 러리사 올레이닉, 데이비드 크럼홀츠",O
장화신은 고양이: 끝내주는 모험,2022,"애니메이션, 모험, 판타지, 코미디, 가족",8.21,"안토니오 반데라스, 셀마 헤이엑, 하비 길렌, 바그네르 모라, 플로렌스 퓨",O
사랑의 블랙홀,1993,"로맨스, 판타지, 코미디",7.633,"빌 머레이, 앤디 맥도웰, 크리스 엘리엇, 스티븐 토볼로스키, Brian Doyle-Murray",X
투모로우,2004,"SF, 스릴러, 모험",6.559,"데니스 퀘이드, 제이크 질렌할, 에미 로섬, Dash Mihok, 제이 O. 샌더스",O
아이스 에이지 3: 공룡시대,2009,"애니메이션, 코미디, 가족, 모험",6.771,"레이 로마노, 존 레귀자모, 데니스 리어리, 사이먼 페그, 숀 윌리엄 스콧",O
분노의 질주: 언리미티드,2011,"액션, 스릴러, 범죄",7.244,"빈 디젤, 폴 워커, 조다나 브루스터, 타이리스 깁슨, 루다크리스",O
더 퍼지,2013,"SF, 공포, 스릴러",6.25,"에단 호크, 레나 헤디, Max Burkholder, Adelaide Kane, Edwin Hodge",X
이웃집 토토로,1988,"판타지, 애니메이션, 가족",8.064,"히다카 노리코, 사카모토 치카, 타카기 히토시, 糸井重里, 시마모토 스미",X
씬 시티,2005,"범죄, 스릴러",7.465,"브루스 윌리스, 제시카 알바, 클라이브 오웬, 미키 루크, 루트거 하우어",X
데드풀과 울버린,2024,"액션, 코미디, SF",7.576,"라이언 레이놀즈, 휴 잭맨, 엠마 코린, 매튜 맥패디언, 다프네 킨",O
오션스 8,2018,"범죄, 코미디, 액션",6.955,"산드라 블록, 케이트 블란쳇, 앤 해서웨이, 민디 케일링, 사라 폴슨",O
스포트라이트,2015,"드라마, 역사",7.813,"마크 러팔로, 마이클 키튼, 레이첼 맥아담스, 리에브 슈라이버, 존 슬래터리",X
트랜스포머: 사라진 시대,2014,"SF, 액션, 모험",5.969,"마크 월버그, Peter Cullen, 스탠리 투치, 켈시 그래머, 니콜라 펠츠",O
오만과 편견,2005,"드라마, 로맨스",8.054,"키이라 나이틀리, 매튜 맥패디언, Brenda Blethyn, 로저먼드 파이크, 캐리 멀리건",O
나쁜 녀석들: 포에버,2020,"스릴러, 액션, 범죄",7.112,"윌 스미스, 마틴 로런스, 바네사 허진스, 알렉산더 루드위그, 찰스 멜튼",O
터미널,2004,"코미디, 드라마",7.355,"톰 행크스, 캐서린 제타존스, 스탠리 투치, Chi McBride, 디에고 루나",O
스파이더맨: 어크로스 더 유니버스,2023,"애니메이션, 액션, 모험, SF",8.339,"셔믹 무어, 헤일리 스타인펠드, 브라이언 타이리 헨리, 로런 벨레스, 제이크 존슨",O
클로버필드 10번지,2016,"스릴러, SF, 드라마, 공포",7.004,"존 굿맨, 메리 엘리자베스 윈스테드, 존 갤러거 주니어, Douglas M. Griffin, 수잔 크라이어",O
내가 사랑했던 모든 남자들에게,2018,"코미디, 로맨스",7.594,"라나 콘도어, 노아 센티네오, 이즈리얼 브루사드, 저넬 패리시, 안나 캐스카트",O
나이스 가이즈,2016,"코미디, 범죄, 액션",7.132,"러셀 크로우, 라이언 고슬링, 앵거리 라이스, 맷 보머, 마가렛 퀄리",X
엑소시스트,1973,"공포, 드라마",7.7,"앨런 버스틴, 린다 블레어, 제이슨 밀러, 막스 폰 시도우, 리 J. 콥",X
록키,1976,드라마,7.801,"실베스터 스탤론, 탈리아 샤이어, 버트 영, 칼 웨더스, Burgess Meredith",O
유전,2018,"공포, 미스터리, 스릴러",7.296,"토니 콜렛, 알렉스 울프, 가브리엘 번, 밀리 샤피로, 앤 도드",X
스콧 필그림,2010,"액션, 코미디, 로맨스",7.5,"마이클 세라, 메리 엘리자베스 윈스테드, 엘런 웡, 키어런 컬킨, 앨리슨 필",O
아마겟돈,1998,"액션, SF, 모험",6.835,"브루스 윌리스, 빌리 밥 손튼, 벤 애플렉, 리브 타일러, Will Patton",X
캐빈 인 더 우즈,2012,"공포, 미스터리, 코미디",6.654,"크리스틴 코널리, 프란 크랜즈, 크리스 헴스워스, Jesse Williams, Anna Hutchison",O
토르: 러브 앤 썬더,2022,"판타지, 액션, 코미디",6.368,"크리스 헴스워스, 나탈리 포트만, 크리스찬 베일, 테사 톰슨, 타이카 와이티티",O
배트맨,1989,"판타지, 액션, 범죄",7.234,"마이클 키튼, 잭 니콜슨, 킴 베이싱어, Robert Wuhl, Pat Hingle",X
공각기동대: 고스트 인 더 쉘,2017,"SF, 드라마, 액션",6.1,"스칼렛 요한슨, 기타노 다케시, 필루 아스베크, 마이클 피트, 친 한",X
007 퀀텀 오브 솔러스,2008,"모험, 액션, 스릴러",6.336,"다니엘 크레이그, 올가 쿠릴렌코, 마티유 아말릭, 주디 덴치, 잔카를로 잔니니",O
심슨 가족: 더 무비,2007,"애니메이션, 코미디, 가족",7.023,"댄 카스텔라네타, 줄리 캐브너, 낸시 카트라이트, 야들리 스미스, 행크 아자리아",O
28일 후,2002,"공포, 스릴러, SF",7.244,"킬리언 머피, 나오미 해리스, 브렌던 글리슨, 메건 번스, 크리스토퍼 에클스턴",X
조찬 클럽,1985,"코미디, 드라마",7.721,"Emilio Estevez, Judd Nelson, 몰리 링월드, Anthony Michael Hall, 앨리 시디",X
22 점프 스트리트,2014,"범죄, 코미디, 액션",6.829,"조나 힐, 채닝 테이텀, 피터 스토메어, 와이엇 러셀, Amber Stevens West",O
킹콩,2005,"모험, 드라마, 액션",6.894,"나오미 왓츠, 에이드리언 브로디, 잭 블랙, 앤디 서키스, 콜린 행크스",X
마이펫의 이중생활,2016,"애니메이션, 코미디, 가족, 모험",6.322,"루이 C.K., 에릭 스톤스트리트, 케빈 하트, 제니 슬레이트, 엘리 캠퍼",O
레고 무비,2014,"애니메이션, 가족, 모험, 코미디, 판타지",7.43,"크리스 프랫, 엘리자베스 뱅크스, 윌 페럴, 모건 프리먼, 윌 아넷",O
애프터,2019,"드라마, 로맨스",7.106,"Josephine Langford, 히어로 파인스 티핀, Shane Paul McGhie, Khadijha Red Thunder, 딜런 아널드",X
정글북,2016,"모험, 가족, 판타지",6.876,"Neel Sethi, 빌 머레이, 벤 킹슬리, 이드리스 엘바, 스칼렛 요한슨",X
카 2,2011,"애니메이션, 가족, 모험, 코미디",6.184,"Larry the Cable Guy, 오웬 윌슨, 마이클 케인, 에밀리 모티머, 에디 이자드",O
베이워치: SOS 해상 구조대,2017,"코미디, 액션, 범죄",6.082,"드웨인 존슨, 잭 에프론, 프리양카 초프라, 알렉산드라 다다리오, Kelly Rohrbach Walton",X
채피,2015,"범죄, 액션, SF",6.792,"샬토 코플리, 데브 파텔, 휴 잭맨, Ninja, Yo-Landi Visser",X
비틀쥬스,1988,"판타지, 코미디",7.4,"알렉 볼드윈, 지나 데이비스, 위노나 라이더, 캐서린 오하라, 제프리 존스",O
씽,2016,"애니메이션, 코미디, 가족, 음악",7.1,"매튜 매커너히, 리즈 위더스푼, 세스 맥팔레인, 스칼렛 요한슨, 존 C. 라일리",X
부산행,2016,"액션, 공포, 스릴러",7.752,"공유, 김수안, 정유미, 마동석, 최우식",X
가디언즈 오브 갤럭시 Vol. 3,2023,"SF, 모험, 액션",7.932,"크리스 프랫, 조 샐다나, 데이브 바티스타, 카렌 길런, 폼 클레멘티에프",O
메이즈 러너: 데스 큐어,2018,"SF, 액션, 모험, 스릴러",7.082,"딜런 오브라이언, 카야 스코델라리오, 토머스 브로디생스터, 이기홍, Dexter Darden",O
판타스틱 4: 실버 서퍼의 위협,2007,"SF, 모험, 액션",5.633,"요안 그리피드, 제시카 알바, 크리스 에반스, 마이클 치클리스, 줄리언 맥마흔",O
인어공주,1989,"애니메이션, 가족, 판타지",7.351,"조디 벤선, Samuel E. Wright, Pat Carroll, Christopher Daniel Barnes, Kenneth Mars",O
노바디,2021,"액션, 스릴러",7.875,"밥 오덴커크, Алексей Серебряков, 코니 닐센, 크리스토퍼 로이드, 마이클 아이언사이드",X
히트,1995,"범죄, 드라마, 액션",7.939,"알 파치노, 로버트 드 니로, 발 킬머, 존 보이트, 톰 시즈모어",X
프렌즈 위드 베네핏,2011,"로맨스, 코미디",6.644,"저스틴 팀버레이크, 밀라 쿠니스, 제나 엘프먼, 패트리샤 클락슨, 우디 해럴슨",X
본 얼티메이텀,2007,"액션, 드라마, 미스터리, 스릴러",7.439,"맷 데이먼, 줄리아 스타일스, 데이비드 스트러세언, 스콧 글렌, 패디 콘시딘",O
